id,Nom,Description,Valeurs,Dépendance (parents),Dépendance (enfants),Échantillonneur,Source
0.0,Territoire_HQ,Territoire HQ,"['Est et Nord du Québec', 'Laurentides', 'Montmorency', 'Montréal', 'Richelieu']",[],"['Region_Administrative', 'Source_Energie_Chauf']",Réseau Bayesien,EUEMR modifié
1.0,Region_Administrative,Zone du Québec,"['Bas-Saint-Laurent', 'Capitale-Nationale', 'Centre-du-Québec', 'Chaudière-Appalaches', 'Côte-Nord', 'Estrie', 'Gaspésie-Îles-de-la-Madeleine', 'Lanaudière', 'Laurentides', 'Laval', 'Mauricie', 'Montérégie', 'Montréal', 'Outaouais', 'Saguenay-Lac-Saint-Jean']",['Territoire_HQ'],"['Type_Logement', 'Nombre_Etages', 'Spa_Presence', 'Piscine_Presence', 'Vehicule_Presence']",Réseau Bayesien,EUEMR modifié
2.0,Type_Logement,De quel genre d'habitation s'agit-il?,"['Collective', 'Triplex', 'Duplex', 'Maison en rangee', 'Maison individuelle']",['Region_Administrative'],"['Type_Batiment', 'Nombre_Etages', 'Nombre_Pieces', 'Presence_SousSol', 'Presence_Garage', 'Mode_Occupation', 'An_Construction', 'Climatisation', 'Chauffage_Logement', 'Spa_Presence', 'Spa_Logement', 'Piscine_Presence', 'Piscine_Type', 'Vehicule_Presence', 'Vehicule_BornePresence', 'ChaufEau_Type', 'ChaufEau_Presence', 'Congelateur_Nombre', 'Refrigerateur_Nombre', 'LaveLinge_Type', 'SecheLinge_Presence', 'LaveVaisselle_Presence', 'Cuisiniere_Presence', 'Eclairage_LED', 'Infiltration', 'Geometry Stories', 'Geometry Building Number Units', 'Geometry Building Level', 'Infiltration', 'Windows', 'Insulation Wall', 'Insulation Ceiling', 'Geometry Foundation Type', 'Insulation Floor', 'Plug Load']",Réseau Bayesien,EUEMR modifié
3.0,Type_Batiment,De quel genre d'habitation s'agit-il?,"['Collective', 'Plex', 'Maison']",['Type_Logement'],['Source_Energie_Chauf'],Réseau Bayesien,EUEMR modifié
4.0,Nombre_Etages,Nombre d'étages habitables dans la résidence (incluant le sous-sol et le garage),"['Un étage', 'Deux étages', 'Trois étages et plus']","['Region_Administrative', 'Type_Logement']","['Nombre_Pieces', 'Presence_SousSol', 'Geometry Stories']",Réseau Bayesien,EUEMR modifié
5.0,Nombre_Pieces,"Nombre de pièces dans la résidence (incluant les pièces du sous-sol et le garage, excluant les salles de bain et les couloirs)","['1', '2', '3', '4', '5', '6', '7', '8', '9', '10', '11', '12', '13', '14', '15 et plus']","['Type_Logement', 'Nombre_Etages']","['Nombre_Personnes', 'Superficie_Totale']",Réseau Bayesien,EUEMR modifié
6.0,Superficie_Totale,Quelle est la superficie TOTALE habitable de votre résidence incluant le sous-sol et le garage?,"['[1 - 500)', '[500 - 1000)', '[1000 - 1500)', '[1500 - 2000)', '[2000 - 2500)', '[2500 - 3000)', '[3000 - 3500)', '[3500 - 4000)', '[4000 - 4500)', '[4500 - 5000)', '>= 5000']",['Nombre_Pieces'],[],Réseau Bayesien,EUEMR modifié
7.0,Presence_SousSol,Votre résidence comporte-elle un sous-sol ou vide sanitaire?,"['Sous sol 6 pied', 'Vide sanitaire moins 6 pieds', 'Aucun Sous-sol ou vide sanitaire', 'Sous-sol et vide sanitaire']","['Type_Logement', 'Nombre_Etages']",['Geometry Foundation Type'],Réseau Bayesien,EUEMR modifié
8.0,Nombre_Personnes,"En vous incluant, combien de personnes habitent ce logement?","['1', '2', '3', '4', '5 et plus']",['Nombre_Pieces'],"['Congelateur_Nombre', 'Refrigerateur_Nombre', 'LaveLinge_Type', 'SecheLinge_Presence', 'LaveVaisselle_Presence', 'Cuisiniere_Presence']",Réseau Bayesien,EUEMR modifié
9.0,Presence_Garage,Avez-vous un garage?,"['Pas de Garage', 'Garage non chauffé', 'Garage chauffé à électricité', 'Garage chauffé à autre source']",['Type_Logement'],[],Réseau Bayesien,EUEMR modifié
10.0,Mode_Occupation,Quel est votre lien avec ce logement ? En êtes-vous...,"['Locataire', 'Proprietaire']",['Type_Logement'],['Eclairage_LED'],Réseau Bayesien,EUEMR modifié
11.0,An_Construction,Année de construction de l'habitation,"['< 1950', '[1950 - 1960)', '[1960 - 1970)', '[1970 - 1980)', '[1980 - 1990)', '[1990 - 2000)', '[2000 - 2010)', '[2010 - 2020)', '>= 2020']",['Type_Logement'],"['Infiltration', 'An_ConstructionCode', 'Infiltration', 'Windows', 'Insulation Wall', 'Insulation Ceiling', 'Insulation Foundation Wall', 'Insulation Floor']",Réseau Bayesien,EUEMR modifié
12.0,An_ConstructionCode,Année de construction de l'habitation,"['< 1946', '[1946 - 1971)', '[1971 - 1986)', '[1986 - 2013)', '>= 2013']",['An_Construction'],['Source_Energie_Chauf'],Réseau Bayesien,EUEMR modifié
13.0,Climatisation,"Parmi les appareils suivants, lesquels utilisez-vous pour climatiser votre habitation? (Ensemble des mentions)","['Aucune', 'Fenêtre, mobile, portable', 'Murale', 'Centrale']","['Type_Logement', 'Chauffage_Logement']",['Cooling Setpoint'],Réseau Bayesien,EUEMR modifié
14.0,Source_Energie_Chauf,Principale source d'énergie utilisée pour le chauffage de l'habitation,"['Electricite', 'Mazout', 'Gaz naturel', 'Bi-energie', 'Bois']","['Territoire_HQ', 'Type_Batiment', 'An_ConstructionCode']","['ChaufEau_ChaufType', 'Cuisiniere_Energie', 'Chauffage_Logement', 'HVAC Heating Efficiency']",Réseau Bayesien,EUEMR modifié
15.0,Chauffage_Logement,Système principal de chauffage,"['Plinthes électriques', 'Unités convecteurs, plancher ou plafond radiant', 'Thermopompe et Système central à air chaud', 'Thermopompe et Système central à eau chaude', 'Thermopompe géothermique seule', 'Thermopompe géothermique et Plinthes électriques', 'Thermopompe géothermique et Fournaise', 'Thermopompe murale', 'Thermopompe murale et Plinthes électriques', 'Thermopompe murale et Fournaise', 'Système central à air chaud', 'Système central à eau chaude', 'Fournaise ou poêle à bois', 'Fournaise murale ou de plancher', 'Fournaise ou poêle à bois et Plinthes électriques', 'Fournaise ou poêle à bois et Unités convecteurs, plancher ou plafond radiant', 'Fournaise ou poêle à bois et Thermopompe murale', 'Fournaise ou poêle à bois et Système central à air chaud', 'Fournaise ou poêle à bois et Système central à eau chaude', 'Fournaise ou poêle à bois et Fournaise murale ou de plancher']","['Type_Logement', 'Source_Energie_Chauf']","['Climatisation', 'HVAC Heating Efficiency', 'Heating Setpoint', 'Cooling Setpoint']",Réseau Bayesien,EUEMR modifié
16.0,Spa_Presence,Avez-vous un spa à votre résidence?,"['Oui', 'Non']","['Region_Administrative', 'Type_Logement']","['Spa_Logement', 'Spa_Saison', 'Spa ChaufType']",Réseau Bayesien,EUEMR modifié
17.0,Spa_Logement,Le spa est-il à l'intérieur ou à l'extérieur de la résidence?,"['Aucun', 'Exterieur', 'Interieur']","['Spa_Presence', 'Type_Logement']",['Spa_Saison'],Réseau Bayesien,EUEMR modifié
18.0,Spa_Saison,"Avez-vous utilisé votre spa…? (Printemps, été, automne, hiver, pas utilisé)","['Aucun', 'Pas utilisé', 'Ne sait pas', 'Toute_Saison', 'Printemps', 'Ete', 'Automne', 'Hiver', 'Printemps_Ete', 'Printemps_Automne', 'Printemps_Hiver', 'Ete_Automne', 'Ete_Hiver', 'Automne_Hiver', 'Printemps_Ete_Automne', 'Printemps_Automne_Hiver', 'Ete_Automne_Hiver']","['Spa_Presence', 'Spa_Logement']","['Spa_Utilisation_SaisonChaude', 'Spa_Utilisation_SaisonFroide']",Réseau Bayesien,EUEMR modifié
19.0,Spa_Utilisation_SaisonChaude,Lequel des deux énoncés suivants correspond le mieux à vos habitudes durant les mois chauds de la dernière année?,"['Aucun', 'Ne sais pas', 'Constant', 'Augmentation']",['Spa_Saison'],[],Réseau Bayesien,EUEMR modifié
20.0,Spa_Utilisation_SaisonFroide,Lequel des deux énoncés suivants correspond le mieux à vos habitudes durant les mois froids de la dernière année?,"['Aucun', 'Ne sais pas', 'Constant', 'Augmentation']",['Spa_Saison'],[],Réseau Bayesien,EUEMR modifié
21.0,Piscine_Presence,"Avez-vous une piscine installée en permanence, qu'elle soit creusée ou hors-terre?","['Oui', 'Non']","['Region_Administrative', 'Type_Logement']",['Piscine_Type'],Réseau Bayesien,EUEMR modifié
22.0,Piscine_Type,De quel type de piscine s'agit-il?,"['Aucun', 'Hors_Terre', 'Creusee_Exterieur', 'Creusee_Interieur']","['Type_Logement', 'Piscine_Presence']","['Piscine_Toile', 'Piscine_Chauffee', 'Piscine_Minuterie']",Réseau Bayesien,EUEMR modifié
23.0,Piscine_Minuterie,Votre filtreur est-il équipé d'une minuterie?,"['Aucun', 'Oui', 'Non']",['Piscine_Type'],[],Réseau Bayesien,EUEMR modifié
24.0,Piscine_Toile,Possédez-vous une toile solaire?,"['Aucun', 'Oui', 'Non']",['Piscine_Type'],[],Réseau Bayesien,EUEMR modifié
25.0,Piscine_Chauffee,Votre piscine est-elle chauffée (autrement que par une toile solaire)?,"['Aucun', 'Oui', 'Non']",['Piscine_Type'],['Piscine_ChaufType'],Réseau Bayesien,EUEMR modifié
26.0,Piscine_ChaufType,De quelle façon est-elle chauffée? (Ensemble des mentions),"['Aucun', 'Ne sait pas', 'Thermopompe', 'Electrique', 'Capteur Solaire', 'Propane', 'Gaz Naturel', 'Bois', 'Mazout']",['Piscine_Chauffee'],[],Réseau Bayesien,EUEMR modifié
27.0,Vehicule_Presence,Voiture(s) électrique? (Base totale),"['Aucune_VE_Aucune_VHR', 'Une_VE_Aucune_VHR', 'Aucune_VE_Une_VHR', 'Deux_VE_Aucune_VHR', 'Une_VE_Une_VHR', 'Deux_VE_Une_VHR', 'Trois_VE_Aucune_VHR', 'Deux_VE_Deux_VHR', 'Aucune_VE_Deux_VHR']","['Region_Administrative', 'Type_Logement']",['Vehicule_BornePresence'],Réseau Bayesien,EUEMR modifié
28.0,Vehicule_BornePresence,Disposez-vous d'une borne de recharge reliée à votre compteur d'électricité?,"['Aucun', 'Oui', 'Non']","['Type_Logement', 'Vehicule_Presence']",[],Réseau Bayesien,EUEMR modifié
29.0,ChaufEau_ChaufType,À quelle source d'énergie votre chauffe-eau fonctionne-t-il?,"['Aucun', 'Ne sait pas', 'Electrique', 'Propane', 'Gaz Naturel', 'Bois', 'Mazout']","['Source_Energie_Chauf', 'ChaufEau_Presence']",[],Réseau Bayesien,EUEMR modifié
30.0,ChaufEau_Type,Quelle est la capacité du chauffe-eau?,"['Non definit', 'Ne sait pas', 'Chauffe-eau sans réservoir', 'Moins de 22 gallons', '22 gallons', '23-40 gallons', '40 gallons', '41-59 gallons', '60 gallons', '60 et plus gallons']","['Type_Logement', 'ChaufEau_Presence']",[],Réseau Bayesien,EUEMR modifié
31.0,ChaufEau_Presence,Le chauffe-eau est central ou uniquement pour le lieu de résidence (Base totale),"['Aucun', 'Logement', 'Central']",['Type_Logement'],"['ChaufEau_ChaufType', 'ChaufEau_Type']",Réseau Bayesien,EUEMR modifié
32.0,Congelateur_Nombre,Combien de congélateurs distincts avez-vous dans votre résidence?,"['Aucun', '1', '2', '3', '4', '5', '6']","['Nombre_Personnes', 'Type_Logement']",[],Réseau Bayesien,EUEMR modifié
33.0,Refrigerateur_Nombre,Combien de réfrigérateurs avez-vous dans votre résidence?,"['Aucun', '1', '2', '3', '4 et plus']","['Nombre_Personnes', 'Type_Logement']",[],Réseau Bayesien,EUEMR modifié
34.0,LaveLinge_Type,Quel type de machine à laver le linge avez-vous?,"['Aucun', 'Frontale', 'Traditionnelle']","['Nombre_Personnes', 'Type_Logement']",[],Réseau Bayesien,EUEMR modifié
35.0,SecheLinge_Presence,Avez-vous une sécheuse à linge électrique?,"['Oui', 'Non']","['Nombre_Personnes', 'Type_Logement']",[],Réseau Bayesien,EUEMR modifié
36.0,LaveVaisselle_Presence,Avez-vous un lave-vaisselle?,"['Oui', 'Non']","['Nombre_Personnes', 'Type_Logement']",[],Réseau Bayesien,EUEMR modifié
37.0,Cuisiniere_Presence,Avez-vous une cuisinière?,"['Oui', 'Non']","['Nombre_Personnes', 'Type_Logement']",['Cuisiniere_Energie'],Réseau Bayesien,EUEMR modifié
38.0,Cuisiniere_Energie,Quelle est la source d'énergie de votre cuisinière?,"['Aucun', 'Ne sait pas', 'Electrique', 'Gaz', 'Autre']","['Cuisiniere_Presence', 'Source_Energie_Chauf']",[],Réseau Bayesien,EUEMR modifié
39.0,Eclairage_LED,Quel pourcentage de votre éclairage est à DEL?,"['Ne sait pas', '0%', '1 à 24 %', '25 à 50 %', 'Plus de 50 %']","['Mode_Occupation', 'Type_Logement']",[],Réseau Bayesien,EUEMR modifié
,Geometry Stories,Geometry Stories,"['1', '2', '3', '4', '5', '6', '7', '8', '9', '10', '11', '12', '13', '14', '15', '20', '21', '35']","['Type_Logement', 'Nombre_Etages']","['Geometry Building Number Units', 'Geometry Building Horizontal Location', 'Geometry Building Level']",BuildstockBatchArguments,
,Geometry Building Number Units,Nombre d'unité d'habitation,"['1', '2', '3', '4', '5', '6', '7', '8', '9', '10', '11', '12', '13', '14', '15', '16', '17', '18', '19', '20', '24', '30', '36', '43', '67', '116', '183', '326']","['Type_Logement', 'Geometry Stories']",['Geometry Building Horizontal Location'],BuildstockBatchArguments,
,Geometry Building Horizontal Location,Position horizontale de l'habitation,"['Left', 'Middle', 'None', 'Not Applicable', 'Right']","['Geometry Building Number Units', 'Geometry Stories']",[],BuildstockBatchArguments,
,Geometry Building Level,Position verticale de l'habitation,"['Bottom', 'Middle', 'Not Applicable', 'Top']","['Type_Logement', 'Geometry Stories']",[],BuildstockBatchArguments,
,Infiltration,Taux d'infiltration d'air,"['1 ACH50', '2 ACH50', '3 ACH50', '4 ACH50', '5 ACH50', '6 ACH50', '7 ACH50', '8 ACH50', '10 ACH50', '15 ACH50', '20 ACH50', '25 ACH50', '30 ACH50', '40 ACH50', '50 ACH50']","['Type_Logement', 'An_Construction']",[],Réseau Bayesien (BuildstockBatchArguments),
,Windows,Type de fenêtre,"['Double, Clear, Metal, Air', 'Double, Clear, Non-metal, Air', 'Double, Clear, Thermal-Break, Air', 'Double, Low-E, L-Gain', 'Double, Low-E, Non-metal, Air, L-Gain', 'Double, Low-E, Non-metal, Air, M-Gain', 'Single, Clear, Metal', 'Single, Clear, Non-metal', 'Triple, Low-E, Non-metal, Air, L-Gain']","['Type_Logement', 'An_Construction']",[],BuildstockBatchArguments,
,Insulation Wall,Type d'isolation des murs,"['QC_WoodStud-R14.5', 'QC_WoodStud-R14', 'QC_WoodStud-R17.2', 'QC_WoodStud-R20.7', 'QC_WoodStud-R24.5', 'QC_WoodStud-R12.2', 'QC_WoodStud-R12.6', 'QC_WoodStud-R18.9']","['Type_Logement', 'An_Construction']",[],BuildstockBatchArguments,
,Insulation Ceiling,Type d'isolation du plafond,"['QC_R19.6', 'QC_R24.6', 'QC_R27.3', 'QC_R30.9', 'QC_R41', 'QC_R12.5', 'QC_R18.3', 'QC_R29.8']","['Type_Logement', 'An_Construction']",[],BuildstockBatchArguments,
,Insulation Foundation Wall,Type d'isolation du mur de fondation,"['QC_Wall-R10.1, interior', 'QC_Wall-R12, interior', 'QC_Wall-R14.4, interior', 'QC_Wall-R17.1, interior', 'QC_Wall-R17, interior']",['An_Construction'],[],BuildstockBatchArguments,
,Geometry Wall Exterior Finish,Type de revêtement extérieur des murs,['None'],[],[],BuildstockBatchArguments,
,geometry attic type,Type de grenier,['Vented Attic'],[],[],BuildstockBatchArguments,
,HVAC Has Shared System,Système de chauffage partagé,['None'],[],[],BuildstockBatchArguments,
,HVAC Heating Efficiency,Efficacité du système de chauffage,"['Electric Baseboard, 100% Efficiency', 'Electric Furnace, 100% AFUE', 'Electric Boiler, 100% AFUE', 'ASHP, SEER 10, 6.2 HSPF', 'ASHP, SEER 13, 7.7 HSPF', 'ASHP, SEER 15, 8.5 HSPF', 'Electric Wall Furnace, 100% AFUE', 'Fuel Furnace, 80% AFUE', 'Fuel Boiler, 80% AFUE', 'Fuel Wall/Floor Furnace, 68% AFUE', 'Fuel Boiler, 72% AFUE', 'Fuel Wall/Floor Furnace, 60% AFUE', 'Fuel Boiler, 72% AFUE & Electric Baseboard, 100% Efficiency', 'Fuel Boiler, 72% AFUE & Electric Wall Furnace, 100% AFUE', 'Fuel Boiler, 72% AFUE & ASHP, SEER 10, 6.2 HSPF', 'Fuel Boiler, 72% AFUE & ASHP, SEER 13, 7.7 HSPF', 'Fuel Boiler, 72% AFUE & ASHP, SEER 15, 8.5 HSPF', 'Fuel Boiler, 72% AFUE & Electric Furnace, 100% AFUE', 'Fuel Boiler, 72% AFUE & Electric Boiler, 100% AFUE', 'Fuel Boiler, 72% AFUE & Electric Wall Furnace, 100% AFUE.1', 'Fuel Boiler, 72% AFUE & Fuel Furnace, 80% AFUE', 'Fuel Boiler, 72% AFUE & Fuel Boiler, 80% AFUE', 'Fuel Furnace, 80% AFUE & ASHP, SEER 10, 6.2 HSPF', 'Fuel Furnace, 80% AFUE & ASHP, SEER 13, 7.7 HSPF', 'Fuel Furnace, 80% AFUE & ASHP, SEER 15, 8.5 HSPF', 'Electric Furnace, 100% AFUE & Fuel Furnace, 80% AFUE', 'Electric Boiler, 100% AFUE & Fuel Boiler, 80% AFUE', 'GSHP, EER 16.6, COP 3.6', 'GSHP, EER 18.6, COP 3.8', 'GSHP, EER 20.2, COP 4.2', 'GSHP, EER 20.5, COP 4.0', 'GSHP, EER 30.9, COP 4.4', 'MSHP, SEER 14.5, 8.2 HSPF', 'MSHP, SEER 17, 9.5 HSPF', 'MSHP, SEER 25, 12.7 HSPF', 'MSHP, SEER 29.3, 14 HSPF', 'MSHP, SEER 33, 13.3 HSPF', 'MSHP, SEER2 22.7, 10.3 HSPF2, Typical Cold Climate']","['Source_Energie_Chauf', 'Chauffage_Logement']",[],BuildstockBatchArguments,
,Spa ChaufType,Type de chauffage du spa,"['none', 'electric resistance', 'gas fired', 'heat pump']",['Spa_Presence'],[],BuildstockBatchArguments,
,Usage Level,Usage of major appliances relative to the USA average.,"['Low', 'Medium', 'High', 'Average']",[],"['Cooking Range Usage Level', 'Clothes Washer Usage Level', 'Clothes Dryer Usage Level', 'Refrigerator Usage Level', 'Diswasher Usage Level']",BuildstockBatchArguments,ResStock
,Cooking Range Usage Level,Cooking Range energy usage level multiplier.,"['80% Usage', '100% Usage', '120% Usage']",['Usage Level'],[],BuildstockBatchArguments,ResStock
,Clothes Washer Usage Level,Clothes Washer energy usage level multiplier.,"['80% Usage', '100% Usage', '120% Usage']",['Usage Level'],[],BuildstockBatchArguments,ResStock
,Clothes Dryer Usage Level,Clothes Dryer energy usage level multiplier.,"['80% Usage', '100% Usage', '120% Usage']",['Usage Level'],[],BuildstockBatchArguments,ResStock
,Refrigerator Efficiency,Rated efficiency of the primary refrigerator.,"['EF 6.7', 'EF 10.2', 'EF 10.5', 'EF 15.9', 'EF 17.6', 'EF 19.9', 'EF 21.9', 'None', 'Void']",[],[],BuildstockBatchArguments,ResStock
,Freezer Efficiency,Rated efficiency of the primary freezer.,"['EF 12, National Average']",[],[],BuildstockBatchArguments,ResStock
,Refrigerator Extra Efficiency,Rated efficiency of the extra refrigerator.,"['EF 6.7', 'EF 10.2', 'EF 10.5', 'EF 15.9', 'EF 17.6', 'EF 19.9', 'EF 21.9', 'None', 'Void']",[],[],BuildstockBatchArguments,ResStock
,Refrigerator Usage Level,Refrigerator energy usage level multiplier.,"['95% Usage', '100% Usage', '105% Usage']",['Usage Level'],[],BuildstockBatchArguments,ResStock
,Dishwasher Energy,Dishwasher energy.,"['290 Rated kWh', '318 Rated kWh']",[],[],BuildstockBatchArguments,ResStock
,Diswasher Usage Level,Dishwasher energy usage level multiplier.,"['80% Usage', '100% Usage', '120% Usage']",['Usage Level'],[],BuildstockBatchArguments,ResStock
,Lighting Usage Level,Lighting usage level multiplier. Only 100%,"['95% Usage', '100% Usage', '105% Usage']",[],[],BuildstockBatchArguments,ResStock
,Door Area,Door Area,['20 ft^2'],[],[],BuildstockBatchArguments,ResStock
,Door Rvalue,Door Rvalue,['Fiberglass'],[],[],BuildstockBatchArguments,ResStock
,Geometry Foundation Type,Type de fondation géométrique,"['Ambient', 'Heated Basement', 'Slab', 'Unheated Basement', 'Unvented Crawlspace', 'Vented Crawlspace']","['Type_Logement', 'Presence_SousSol']",['Insulation Floor'],BuildstockBatchArguments,ResStock
,Insulation Floor,Type d'isolation du plancher,"['None', 'Uninsulated', 'Ceiling R-13', 'Ceiling R-19', 'Ceiling R-30']","['Type_Logement', 'An_Construction', 'Geometry Foundation Type']",[],BuildstockBatchArguments,
,Plug Load,Charge électrique des appareils aux prises,"['78%', '79%', '82%', '84%', '85%', '86%', '89%', '91%', '94%', '95%', '96%', '97%', '99%', '100%', '101%', '102%', '103%', '104%', '105%', '106%', '108%', '110%', '113%', '119%', '121%', '123%', '134%', '137%', '140%', '144%', '166%']",['Type_Logement'],[],BuildstockBatchArguments,
,Heating Setpoint,Consigne de chauffage,"['(10,10,10)', '(10,10,18)', '(10,10,19)', '(10,10,20)', '(10,11,10)', '(10,11,11)', '(10,14,14)', '(10,15,10)', '(10,15,12)', '(10,15,15)', '(10,16,16)', '(10,16,19)', '(10,17,17)', '(10,18,10)', '(10,18,15)', '(10,18,16)', '(10,18,18)', '(10,19,10)', '(10,19,13)', '(10,19,18)', '(10,19,19)', '(10,20,10)', '(10,20,15)', '(10,20,17)', '(10,20,18)', '(10,20,19)', '(10,20,20)', '(10,20,21)', '(10,20,24)', '(10,21,10)', '(10,21,16)', '(10,21,18)', '(10,21,19)', '(10,21,20)', '(10,21,21)', '(10,21,22)', '(10,22,10)', '(10,22,18)', '(10,22,20)', '(10,22,21)', '(10,22,22)', '(10,23,10)', '(10,23,18)', '(10,23,21)', '(10,23,23)', '(10,24,24)', '(11,11,10)', '(11,11,11)', '(11,11,12)', '(11,12,12)', '(12,12,12)', '(12,12,15)', '(12,15,15)', '(12,18,16)', '(12,20,12)', '(12,22,21)', '(12,24,15)', '(13,10,19)', '(13,13,13)', '(13,13,20)', '(13,17,13)', '(13,18,10)', '(13,18,14)', '(13,18,18)', '(13,19,12)', '(13,20,16)', '(14,11,12)', '(14,13,13)', '(14,14,12)', '(14,14,14)', '(14,14,16)', '(14,16,16)', '(14,17,16)', '(14,18,12)', '(14,18,14)', '(14,18,18)', '(14,19,14)', '(14,22,18)', '(14,22,20)', '(15,10,10)', '(15,13,12)', '(15,13,13)', '(15,13,15)', '(15,14,14)', '(15,15,10)', '(15,15,11)', '(15,15,13)', '(15,15,14)', '(15,15,15)', '(15,15,20)', '(15,16,15)', '(15,16,16)', '(15,17,13)', '(15,17,15)', '(15,17,16)', '(15,17,17)', '(15,17,18)', '(15,18,10)', '(15,18,12)', '(15,18,15)', '(15,18,16)', '(15,18,17)', '(15,18,18)', '(15,18,20)', '(15,19,14)', '(15,19,15)', '(15,19,19)', '(15,19,21)', '(15,20,10)', '(15,20,11)', '(15,20,13)', '(15,20,15)', '(15,20,17)', '(15,20,18)', '(15,20,19)', '(15,20,20)', '(15,21,15)', '(15,21,17)', '(15,21,18)', '(15,21,20)', '(15,22,15)', '(15,22,21)', '(15,22,22)', '(15,23,15)', '(15,23,19)', '(15,23,20)', '(15,24,15)', '(16,10,10)', '(16,10,16)', '(16,14,14)', '(16,15,13)', '(16,15,15)', '(16,16,10)', '(16,16,13)', '(16,16,14)', '(16,16,15)', '(16,16,16)', '(16,16,17)', '(16,16,18)', '(16,16,19)', '(16,17,16)', '(16,17,17)', '(16,17,18)', '(16,18,13)', '(16,18,14)', '(16,18,15)', '(16,18,16)', '(16,18,18)', '(16,19,10)', '(16,19,16)', '(16,19,17)', '(16,19,19)', '(16,20,14)', '(16,20,16)', '(16,20,17)', '(16,20,18)', '(16,20,20)', '(16,20,22)', '(16,21,15)', '(16,21,16)', '(16,21,17)', '(16,21,18)', '(16,21,19)', '(16,21,21)', '(16,22,16)', '(16,22,17)', '(16,22,18)', '(16,22,22)', '(16,23,20)', '(17,10,10)', '(17,10,17)', '(17,13,13)', '(17,14,14)', '(17,15,13)', '(17,15,14)', '(17,15,15)', '(17,16,10)', '(17,16,14)', '(17,16,15)', '(17,16,16)', '(17,17,10)', '(17,17,13)', '(17,17,14)', '(17,17,15)', '(17,17,16)', '(17,17,17)', '(17,17,18)', '(17,18,15)', '(17,18,16)', '(17,18,17)', '(17,18,18)', '(17,18,20)', '(17,19,15)', '(17,19,16)', '(17,19,17)', '(17,19,18)', '(17,19,19)', '(17,19,20)', '(17,20,10)', '(17,20,16)', '(17,20,17)', '(17,20,18)', '(17,20,19)', '(17,20,20)', '(17,20,21)', '(17,21,15)', '(17,21,16)', '(17,21,17)', '(17,21,18)', '(17,21,19)', '(17,21,21)', '(17,21,22)', '(17,22,17)', '(17,22,19)', '(17,22,20)', '(17,22,21)', '(17,23,17)', '(17,24,17)', '(18,10,10)', '(18,12,12)', '(18,13,10)', '(18,13,13)', '(18,13,14)', '(18,14,14)', '(18,14,16)', '(18,15,11)', '(18,15,15)', '(18,16,14)', '(18,16,15)', '(18,16,16)', '(18,16,17)', '(18,16,18)', '(18,17,15)', '(18,17,16)', '(18,17,17)', '(18,17,18)', '(18,18,10)', '(18,18,12)', '(18,18,13)', '(18,18,14)', '(18,18,15)', '(18,18,16)', '(18,18,17)', '(18,18,18)', '(18,18,19)', '(18,18,20)', '(18,18,21)', '(18,19,10)', '(18,19,15)', '(18,19,16)', '(18,19,17)', '(18,19,18)', '(18,19,19)', '(18,20,10)', '(18,20,12)', '(18,20,14)', '(18,20,15)', '(18,20,16)', '(18,20,17)', '(18,20,18)', '(18,20,19)', '(18,20,20)', '(18,20,21)', '(18,20,22)', '(18,21,10)', '(18,21,15)', '(18,21,16)', '(18,21,17)', '(18,21,18)', '(18,21,19)', '(18,21,20)', '(18,21,21)', '(18,22,14)', '(18,22,15)', '(18,22,16)', '(18,22,17)', '(18,22,18)', '(18,22,19)', '(18,22,20)', '(18,22,21)', '(18,22,22)', '(18,23,15)', '(18,23,16)', '(18,23,17)', '(18,23,18)', '(18,23,19)', '(18,23,20)', '(18,23,22)', '(18,23,23)', '(18,24,18)', '(18,24,20)', '(19,10,19)', '(19,11,10)', '(19,11,11)', '(19,15,15)', '(19,16,10)', '(19,16,16)', '(19,16,18)', '(19,16,19)', '(19,17,10)', '(19,17,14)', '(19,17,15)', '(19,17,16)', '(19,17,17)', '(19,17,18)', '(19,17,20)', '(19,18,10)', '(19,18,15)', '(19,18,16)', '(19,18,17)', '(19,18,18)', '(19,18,19)', '(19,18,20)', '(19,18,21)', '(19,19,10)', '(19,19,15)', '(19,19,16)', '(19,19,17)', '(19,19,18)', '(19,19,19)', '(19,19,20)', '(19,19,21)', '(19,20,10)', '(19,20,14)', '(19,20,15)', '(19,20,16)', '(19,20,17)', '(19,20,18)', '(19,20,19)', '(19,20,20)', '(19,20,21)', '(19,20,23)', '(19,21,14)', '(19,21,15)', '(19,21,16)', '(19,21,17)', '(19,21,18)', '(19,21,19)', '(19,21,20)', '(19,21,21)', '(19,21,22)', '(19,22,15)', '(19,22,16)', '(19,22,17)', '(19,22,18)', '(19,22,19)', '(19,22,20)', '(19,22,21)', '(19,22,22)', '(19,23,16)', '(19,23,18)', '(19,23,19)', '(19,23,20)', '(19,23,21)', '(19,23,23)', '(19,24,19)', '(19,24,24)', '(20,10,10)', '(20,10,18)', '(20,10,20)', '(20,11,11)', '(20,14,14)', '(20,15,15)', '(20,16,16)', '(20,16,17)', '(20,17,16)', '(20,17,17)', '(20,17,18)', '(20,17,19)', '(20,18,10)', '(20,18,13)', '(20,18,15)', '(20,18,16)', '(20,18,17)', '(20,18,18)', '(20,18,19)', '(20,18,20)', '(20,19,10)', '(20,19,15)', '(20,19,16)', '(20,19,17)', '(20,19,18)', '(20,19,19)', '(20,19,20)', '(20,19,21)', '(20,20,10)', '(20,20,13)', '(20,20,14)', '(20,20,15)', '(20,20,16)', '(20,20,17)', '(20,20,18)', '(20,20,19)', '(20,20,20)', '(20,20,21)', '(20,20,22)', '(20,20,23)', '(20,20,24)', '(20,21,10)', '(20,21,15)', '(20,21,16)', '(20,21,17)', '(20,21,18)', '(20,21,19)', '(20,21,20)', '(20,21,21)', '(20,21,22)', '(20,22,10)', '(20,22,12)', '(20,22,13)', '(20,22,16)', '(20,22,17)', '(20,22,18)', '(20,22,19)', '(20,22,20)', '(20,22,21)', '(20,22,22)', '(20,22,23)', '(20,22,24)', '(20,23,10)', '(20,23,15)', '(20,23,17)', '(20,23,18)', '(20,23,19)', '(20,23,20)', '(20,23,21)', '(20,23,23)', '(20,24,20)', '(20,24,22)', '(20,24,23)', '(20,24,24)', '(21,10,10)', '(21,14,14)', '(21,15,15)', '(21,16,16)', '(21,17,16)', '(21,17,17)', '(21,17,18)', '(21,17,19)', '(21,18,15)', '(21,18,16)', '(21,18,17)', '(21,18,18)', '(21,18,19)', '(21,18,20)', '(21,18,21)', '(21,19,10)', '(21,19,15)', '(21,19,16)', '(21,19,17)', '(21,19,18)', '(21,19,19)', '(21,19,20)', '(21,19,21)', '(21,19,22)', '(21,20,10)', '(21,20,15)', '(21,20,16)', '(21,20,17)', '(21,20,18)', '(21,20,19)', '(21,20,20)', '(21,20,21)', '(21,20,22)', '(21,21,10)', '(21,21,14)', '(21,21,15)', '(21,21,16)', '(21,21,17)', '(21,21,18)', '(21,21,19)', '(21,21,20)', '(21,21,21)', '(21,21,22)', '(21,21,23)', '(21,21,24)', '(21,22,10)', '(21,22,15)', '(21,22,16)', '(21,22,17)', '(21,22,18)', '(21,22,19)', '(21,22,20)', '(21,22,21)', '(21,22,22)', '(21,22,23)', '(21,23,16)', '(21,23,17)', '(21,23,18)', '(21,23,19)', '(21,23,20)', '(21,23,21)', '(21,23,22)', '(21,23,23)', '(21,24,10)', '(21,24,18)', '(21,24,20)', '(21,24,22)', '(21,24,23)', '(21,24,24)', '(22,10,10)', '(22,10,19)', '(22,10,21)', '(22,13,13)', '(22,14,16)', '(22,16,13)', '(22,16,16)', '(22,17,14)', '(22,17,17)', '(22,18,15)', '(22,18,16)', '(22,18,17)', '(22,18,18)', '(22,18,19)', '(22,18,20)', '(22,18,22)', '(22,19,16)', '(22,19,17)', '(22,19,18)', '(22,19,19)', '(22,19,20)', '(22,20,10)', '(22,20,13)', '(22,20,16)', '(22,20,17)', '(22,20,18)', '(22,20,19)', '(22,20,20)', '(22,20,21)', '(22,20,22)', '(22,21,10)', '(22,21,17)', '(22,21,18)', '(22,21,19)', '(22,21,20)', '(22,21,21)', '(22,21,22)', '(22,22,10)', '(22,22,12)', '(22,22,14)', '(22,22,15)', '(22,22,16)', '(22,22,17)', '(22,22,18)', '(22,22,19)', '(22,22,20)', '(22,22,21)', '(22,22,22)', '(22,22,23)', '(22,22,24)', '(22,23,10)', '(22,23,15)', '(22,23,16)', '(22,23,17)', '(22,23,18)', '(22,23,19)', '(22,23,20)', '(22,23,21)', '(22,23,22)', '(22,23,23)', '(22,24,17)', '(22,24,18)', '(22,24,19)', '(22,24,20)', '(22,24,21)', '(22,24,22)', '(22,24,23)', '(22,24,24)', '(23,10,10)', '(23,10,19)', '(23,14,14)', '(23,16,16)', '(23,17,17)', '(23,18,18)', '(23,19,10)', '(23,19,19)', '(23,20,16)', '(23,20,18)', '(23,20,19)', '(23,20,20)', '(23,21,17)', '(23,21,18)', '(23,21,19)', '(23,21,20)', '(23,21,21)', '(23,21,22)', '(23,22,17)', '(23,22,18)', '(23,22,19)', '(23,22,20)', '(23,22,21)', '(23,22,22)', '(23,22,23)', '(23,22,24)', '(23,23,10)', '(23,23,14)', '(23,23,15)', '(23,23,16)', '(23,23,17)', '(23,23,18)', '(23,23,19)', '(23,23,20)', '(23,23,21)', '(23,23,22)', '(23,23,23)', '(23,23,24)', '(23,24,18)', '(23,24,19)', '(23,24,20)', '(23,24,21)', '(23,24,22)', '(23,24,23)', '(23,24,24)', '(24,17,17)', '(24,19,19)', '(24,20,18)', '(24,20,20)', '(24,21,21)', '(24,21,22)', '(24,22,18)', '(24,22,19)', '(24,22,21)', '(24,22,22)', '(24,23,17)', '(24,23,20)', '(24,23,22)', '(24,23,23)', '(24,24,16)', '(24,24,17)', '(24,24,18)', '(24,24,19)', '(24,24,20)', '(24,24,21)', '(24,24,22)', '(24,24,23)', '(24,24,24)']",['Chauffage_Logement'],[],BuildstockBatchArguments,Sondage Sensibilisation intégrée
,Garage Heating Setpoint,Consigne de chauffage du garage,"['10', '11', '12', '13', '14', '15', '16', '17', '18', '19', '20', '21', '22', '23', '24']",[],[],BuildstockBatchArguments,Sondage Sensibilisation intégrée
,Cooling Setpoint,Consigne de climatisation,"['18', '19', '20', '21', '22', '23', '24', '25', '26']","['Chauffage_Logement', 'Climatisation']",[],BuildstockBatchArguments,Sondage Sensibilisation intégrée
,Basement Heating Setpoint,Consigne de chauffage du sous-sol,"['10', '11', '12', '13', '14', '15', '16', '17', '18', '19', '20', '21', '22', '23', '24']",[],[],BuildstockBatchArguments,Sondage Sensibilisation intégrée
,Mechanical Ventilation,Mechanical Ventilation,['None'],[],[],BuildstockBatchArguments,
,Tconsignes_chauffage_H1,Heure du début du changement de consigne de chauffage pour le matin,[],[],[],Code,
,Tconsignes_chauffage_H2,Heure de fin du changement de consigne de chauffage pour le matin,[],[],[],Code,
,Tconsignes_chauffage_H3,Heure du début du changement de consigne de chauffage pour le soir,[],[],[],Code,
,Tconsignes_chauffage_H4,Heure de fin du changement de consigne de chauffage pour le soir,[],[],[],Code,
