Territoire_HQ,Region_Administrative,Type_Logement,ChaufEau_Presence,ChaufEau_Type,Presence_Garage,Nombre_Etages,Presence_SousSol,Nombre_Pieces,Nombre_Personnes,Refrigerateur_Nombre,Cuisiniere_Presence,LaveLinge_Type,SecheLinge_Presence,Congelateur_Nombre,LaveVaisselle_Presence,Superficie_Totale,Spa_Presence,Spa_Logement,Spa_Saison,Spa_Utilisation_SaisonChaude,Spa_Utilisation_SaisonFroide,Piscine_Presence,Piscine_Type,Piscine_Chauffee,Piscine_ChaufType,Piscine_Toile,Piscine_Minuterie,Vehicule_Presence,Vehicule_BornePresence,Mode_Occupation,Eclairage_LED,Type_Batiment,An_Construction,Infiltration,An_ConstructionCode,Source_Energie_Chauf,Cuisiniere_Energie,Chauffage_Logement,Climatisation,ChaufEau_ChaufType,Geometry Stories,Geometry Building Number Units,Geometry Building Horizontal Location,Geometry Building Level,Geometry Foundation Type,Windows,Insulation Wall,Insulation Ceiling,Insulation Foundation Wall,Insulation Floor,Geometry Wall Exterior Finish,geometry attic type,HVAC Has Shared System,HVAC Heating Efficiency,Spa ChaufType,Usage Level,Cooking Range Usage Level,Clothes Washer Usage Level,Clothes Dryer Usage Level,Refrigerator Efficiency,Refrigerator Extra Efficiency,Refrigerator Usage Level,Freezer Efficiency,Dishwasher Energy,Diswasher Usage Level,Lighting Usage Level,Door Area,Door Rvalue,Plug Load,weather_station_epw_filepath,simulation_control_daylight_saving_enabled,site_time_zone_utc_offset,geometry_building_num_units,geometry_unit_type,geometry_average_ceiling_height,geometry_unit_aspect_ratio,geometry_unit_cfa,year_built,geometry_unit_num_bedrooms,geometry_unit_num_occupants,geometry_attic_type,geometry_roof_type,geometry_roof_pitch,geometry_unit_num_floors_above_grade,geometry_foundation_type,geometry_foundation_height,geometry_foundation_height_above_grade,geometry_rim_joist_height,window_ufactor,window_shgc,skylight_ufactor,skylight_shgc,wall_type,wall_assembly_r,ceiling_assembly_r,foundation_wall_type,foundation_wall_insulation_r,foundation_wall_insulation_location,foundation_wall_insulation_distance_to_top,floor_type,floor_over_foundation_assembly_r,floor_over_garage_assembly_r,wall_siding_type,wall_color,geometry_garage_protrusion,geometry_garage_width,geometry_garage_depth,geometry_garage_position,air_leakage_units,air_leakage_house_pressure,air_leakage_value,air_leakage_type,site_shielding_of_home,rim_joist_assembly_r,geometry_unit_left_wall_is_adiabatic,geometry_unit_right_wall_is_adiabatic,geometry_unit_front_wall_is_adiabatic,geometry_unit_back_wall_is_adiabatic,heating_system_type,heating_system_heating_efficiency,heating_system_fraction_heat_load_served,heat_pump_type,heat_pump_heating_efficiency_type,heat_pump_heating_efficiency,heat_pump_cooling_efficiency_type,heat_pump_cooling_efficiency,heat_pump_sizing_methodology,heat_pump_sizing_is_duct_limited,heat_pump_fraction_heat_load_served,heat_pump_fraction_cool_load_served,heat_pump_backup_use_existing_system,heat_pump_backup_type,heat_pump_backup_fuel,heat_pump_backup_heating_efficiency,geothermal_loop_configuration,heating_system_fuel,cooling_system_type,cooling_system_cooling_compressor_type,misc_plug_loads_vehicle_present,misc_plug_loads_vehicle_usage_multiplier,misc_plug_loads_vehicle_2_usage_multiplier,permanent_spa_present,permanent_spa_heater_type,pool_present,pool_heater_type,pool_heater_usage_multiplier,pool_pump_usage_multiplier,water_heater_fuel_type,water_heater_efficiency_type,water_heater_efficiency,water_heater_recovery_efficiency,water_heater_standby_loss,water_heater_jacket_rvalue,water_heater_setpoint_temperature,water_heater_type,water_heater_location,clothes_dryer_present,clothes_dryer_fuel_type,clothes_dryer_efficiency_type,clothes_dryer_efficiency,clothes_dryer_usage_multiplier,clothes_washer_efficiency_type,clothes_washer_efficiency,clothes_washer_rated_annual_kwh,clothes_washer_label_electric_rate,clothes_washer_label_gas_rate,clothes_washer_label_annual_gas_cost,clothes_washer_label_usage,clothes_washer_capacity,clothes_washer_present,clothes_washer_usage_multiplier,cooking_range_oven_present,cooking_range_oven_fuel_type,cooking_range_oven_is_induction,cooking_range_oven_usage_multiplier,dishwasher_present,dishwasher_efficiency_type,dishwasher_efficiency,dishwasher_label_electric_rate,dishwasher_label_gas_rate,dishwasher_label_annual_gas_cost,dishwasher_label_usage,dishwasher_place_setting_capacity,refrigerator_present,refrigerator_rated_annual_kwh,extra_refrigerator_present,extra_refrigerator_rated_annual_kwh,extra_refrigerator_usage_multiplier,freezer_present,freezer_rated_annual_kwh,freezer_usage_multiplier,lighting_present,lighting_interior_fraction_cfl,lighting_interior_fraction_lfl,lighting_interior_fraction_led,lighting_exterior_fraction_cfl,lighting_exterior_fraction_lfl,lighting_exterior_fraction_led,lighting_garage_fraction_cfl,lighting_garage_fraction_lfl,lighting_garage_fraction_led,lighting_interior_usage_multiplier,door_rvalue,door_area,water_heater_tank_volume,heat_pump_is_ducted,heat_pump_compressor_lockout_temp,heat_pump_cooling_compressor_type,overhangs_front_depth,overhangs_front_distance_to_top_of_window,misc_plug_loads_vehicle_annual_kwh,permanent_spa_pump_annual_kwh,permanent_spa_heater_annual_kwh,heat_pump_heating_capacity_retention_fraction,heat_pump_heating_capacity_retention_temp
Montmorency,Capitale-Nationale,Collective,Central,Non definit,Pas de Garage,Un étage,Aucun Sous-sol ou vide sanitaire,6,3,1,Oui,Aucun,Oui,1,Oui,[2500 - 3000),Non,Aucun,Aucun,Aucun,Aucun,Oui,Creusee_Exterieur,Non,Aucun,Oui,Non,Aucune_VE_Aucune_VHR,Aucun,Locataire,25 à 50 %,Collective,[1980 - 1990),3 ACH50,[1986 - 2013),Electricite,Electrique,"Unités convecteurs, plancher ou plafond radiant","Fenêtre, mobile, portable",Electrique,12,116,Left,Bottom,Slab,"Double, Low-E, Non-metal, Air, M-Gain",QC_WoodStud-R18.9,QC_R29.8,"QC_Wall-R17.1, interior",None,None,Vented Attic,None,"Electric Wall Furnace, 100% AFUE",none,Low,80% Usage,80% Usage,80% Usage,EF 10.5,EF 6.7,95% Usage,"EF 12, National Average",318 Rated kWh,80% Usage,100% Usage,20 ft^2,Fiberglass,100%,2020s_CAN_QC_Quebec-Lesage.Intl.AP.717140_CWEC2016.epw,True,-5,116,apartment unit,8,0.5556,2648,1985,3,3,VentedAttic,gable,6:12,1,SlabOnGrade,0,0,0.0,0.38,0.44,0.37,0.3,WoodStud,18.9,31.4,solid concrete,17.1,interior,0,WoodFrame,0.0,5.3,none,medium,0.5,0,0,Right,ACH,50,4.81414607077304,unit exterior only,normal,0.0,False,True,True,False,WallFurnace,1.0,1.0,none,HSPF,0.0,SEER,0.0,ACCA,false,1.0,1.0,false,none,electricity,1.0,none,electricity,central air conditioner,single stage,False,0,0.0,False,none,True,,0.3,1.0,electricity,EnergyFactor,0.92,0,0,0,125,storage water heater,other multifamily buffer space,True,electricity,CombinedEnergyFactor,2.7,0.8,IntegratedModifiedEnergyFactor,0.0,0,0.0,0.0,0,0.0,0.0,False,0.8,True,electricity,False,0.8,True,RatedAnnualkWh,318,0.12,1.09,25,4,12,True,727,False,0,0.0,True,935,0.342,True,0,0.0,0.37,0,0,0.37,0,0,0.37,1.0,5,20,,,,,,,,,,,
Montmorency,Capitale-Nationale,Maison individuelle,Logement,40 gallons,Garage chauffé à électricité,Deux étages,Sous sol 6 pied,3,1,1,Oui,Traditionnelle,Oui,1,Non,[1000 - 1500),Non,Aucun,Aucun,Aucun,Aucun,Oui,Hors_Terre,Non,Aucun,Non,Non,Aucune_VE_Aucune_VHR,Aucun,Proprietaire,25 à 50 %,Maison,[2010 - 2020),1 ACH50,[1986 - 2013),Electricite,Electrique,Plinthes électriques,Aucune,Electrique,1,1,Not Applicable,Not Applicable,Heated Basement,"Double, Low-E, Non-metal, Air, L-Gain",QC_WoodStud-R24.5,QC_R41,"QC_Wall-R17, interior",Uninsulated,None,Vented Attic,None,"Electric Baseboard, 100% Efficiency",none,Medium,100% Usage,100% Usage,100% Usage,EF 6.7,None,100% Usage,"EF 12, National Average",318 Rated kWh,100% Usage,100% Usage,20 ft^2,Fiberglass,100%,2020s_CAN_QC_Quebec-Lesage.Intl.AP.717140_CWEC2016.epw,True,-5,1,single-family detached,8,1.8,1228,2015,2,1,VentedAttic,gable,6:12,2,ConditionedBasement,8,1,9.25,0.37,0.3,0.37,0.3,WoodStud,24.5,42.6,solid concrete,17.0,interior,0,WoodFrame,5.3,5.3,none,medium,0.5,20,12,Right,ACH,50,1.0,unit exterior only,normal,18.25,False,False,False,False,ElectricResistance,1.0,1.0,none,HSPF,0.0,SEER,0.0,ACCA,false,1.0,1.0,false,none,electricity,1.0,none,electricity,none,,False,0,0.0,False,none,True,,1.0,1.0,electricity,EnergyFactor,0.92,0,0,0,125,storage water heater,conditioned space,True,electricity,CombinedEnergyFactor,2.7,1.0,IntegratedModifiedEnergyFactor,0.95,387,0.1065,1.218,24,7.538462,3.5,True,1.0,True,electricity,False,1.0,False,RatedAnnualkWh,0,0.0,0.0,0,0,0,True,1139,False,0,0.0,True,935,0.342,True,0,0.0,0.37,0,0,0.37,0,0,0.37,1.0,5,20,40.0,,,,,,,,,,
Laurentides,Laurentides,Maison individuelle,Logement,40 gallons,Garage chauffé à électricité,Deux étages,Sous sol 6 pied,6,1,2,Oui,Traditionnelle,Oui,Aucun,Non,[1000 - 1500),Non,Aucun,Aucun,Aucun,Aucun,Non,Aucun,Aucun,Aucun,Aucun,Aucun,Aucune_VE_Aucune_VHR,Aucun,Proprietaire,Plus de 50 %,Maison,[1950 - 1960),7 ACH50,[1946 - 1971),Electricite,Electrique,Thermopompe murale et Fournaise,Murale,Electrique,1,1,Not Applicable,Not Applicable,Heated Basement,"Double, Clear, Non-metal, Air",QC_WoodStud-R14,QC_R24.6,"QC_Wall-R12, interior",Uninsulated,None,Vented Attic,None,"MSHP, SEER2 22.7, 10.3 HSPF2, Typical Cold Climate",none,High,120% Usage,120% Usage,120% Usage,EF 21.9,None,105% Usage,"EF 12, National Average",290 Rated kWh,120% Usage,100% Usage,20 ft^2,Fiberglass,100%,2020s_CAN_QC_Montreal-McTavish.716120_CWEC2016.epw,True,-5,1,single-family detached,8,1.8,1228,1955,3,1,VentedAttic,gable,6:12,2,ConditionedBasement,8,1,9.25,0.49,0.56,0.37,0.3,WoodStud,14.0,26.2,solid concrete,12.0,interior,0,WoodFrame,5.3,5.3,none,medium,0.5,20,12,Right,ACH,50,7.0,unit exterior only,normal,13.25,False,False,False,False,none,0.0,1.0,mini-split,HSPF2,10.3,SEER2,22.7,ACCA,false,1.0,1.0,false,integrated,electricity,1.0,none,electricity,none,,False,0,0.0,False,none,False,,1.0,1.0,electricity,EnergyFactor,0.92,0,0,0,125,storage water heater,conditioned space,True,electricity,CombinedEnergyFactor,2.7,1.2,IntegratedModifiedEnergyFactor,0.95,387,0.1065,1.218,24,7.538462,3.5,True,1.2,True,electricity,False,1.2,False,RatedAnnualkWh,0,0.0,0.0,0,0,0,True,348,False,0,0.0,False,0,0.0,True,0,0.0,0.75,0,0,0.75,0,0,0.75,1.0,5,20,40.0,false,-15.0,variable speed,,,,,,,
Montmorency,Saguenay-Lac-Saint-Jean,Maison individuelle,Logement,40 gallons,Garage non chauffé,Trois étages et plus,Sous sol 6 pied,11,4,1,Oui,Frontale,Oui,1,Oui,[3500 - 4000),Non,Aucun,Aucun,Aucun,Aucun,Oui,Hors_Terre,Non,Aucun,Non,Non,Aucune_VE_Aucune_VHR,Aucun,Proprietaire,25 à 50 %,Maison,[1990 - 2000),10 ACH50,[1986 - 2013),Electricite,Electrique,Plinthes électriques,Murale,Electrique,1,1,Not Applicable,Not Applicable,Heated Basement,"Double, Clear, Metal, Air",QC_WoodStud-R20.7,QC_R30.9,"QC_Wall-R17.1, interior",Uninsulated,None,Vented Attic,None,"Electric Baseboard, 100% Efficiency",none,High,120% Usage,120% Usage,120% Usage,EF 15.9,None,105% Usage,"EF 12, National Average",318 Rated kWh,120% Usage,100% Usage,20 ft^2,Fiberglass,100%,2020s_CAN_QC_Quebec-Lesage.Intl.AP.717140_CWEC2016.epw,True,-5,1,single-family detached,8,1.8,3750,1995,5,4,VentedAttic,gable,6:12,3,ConditionedBasement,8,1,9.25,0.76,0.67,0.37,0.3,WoodStud,20.7,32.5,solid concrete,17.1,interior,0,WoodFrame,5.3,5.3,none,medium,0.5,24,24,Right,ACH,50,10.0,unit exterior only,normal,18.35,False,False,False,False,ElectricResistance,1.0,1.0,none,HSPF,0.0,SEER,0.0,ACCA,false,1.0,1.0,false,none,electricity,1.0,none,electricity,mini-split,variable speed,False,0,0.0,False,none,True,,1.0,1.0,electricity,EnergyFactor,0.92,0,0,0,125,storage water heater,conditioned space,True,electricity,CombinedEnergyFactor,2.7,1.2,IntegratedModifiedEnergyFactor,0.95,387,0.1065,1.218,24,7.538462,3.5,True,1.2,True,electricity,False,1.2,True,RatedAnnualkWh,318,0.12,1.09,25,4,12,True,480,False,0,0.0,True,935,0.342,True,0,0.0,0.37,0,0,0.37,0,0,0.37,1.0,5,20,40.0,,,,,,,,,,
Montréal,Montréal,Collective,Logement,60 gallons,Pas de Garage,Un étage,Aucun Sous-sol ou vide sanitaire,4,2,1,Oui,Traditionnelle,Oui,Aucun,Oui,[4000 - 4500),Non,Aucun,Aucun,Aucun,Aucun,Non,Aucun,Aucun,Aucun,Aucun,Aucun,Aucune_VE_Aucune_VHR,Aucun,Locataire,Plus de 50 %,Collective,[2010 - 2020),5 ACH50,>= 2013,Electricite,Electrique,Plinthes électriques,Aucune,Electrique,21,67,Right,Middle,Slab,"Double, Clear, Non-metal, Air",QC_WoodStud-R24.5,QC_R41,"QC_Wall-R17, interior",None,None,Vented Attic,None,"Electric Baseboard, 100% Efficiency",none,Medium,100% Usage,100% Usage,100% Usage,EF 10.5,None,100% Usage,"EF 12, National Average",290 Rated kWh,100% Usage,100% Usage,20 ft^2,Fiberglass,100%,2020s_CAN_QC_Montreal-McTavish.716120_CWEC2016.epw,True,-5,67,apartment unit,8,0.5556,4250,2015,2,2,VentedAttic,gable,6:12,1,SlabOnGrade,0,0,0.0,0.49,0.56,0.37,0.3,WoodStud,24.5,42.6,solid concrete,17.0,interior,0,WoodFrame,0.0,5.3,none,medium,0.5,0,0,Right,ACH,50,6.073418382418609,unit exterior only,normal,0.0,True,False,False,False,ElectricResistance,1.0,1.0,none,HSPF,0.0,SEER,0.0,ACCA,false,1.0,1.0,false,none,electricity,1.0,none,electricity,none,,False,0,0.0,False,none,False,,1.0,1.0,electricity,EnergyFactor,0.92,0,0,0,125,storage water heater,conditioned space,True,electricity,CombinedEnergyFactor,2.7,1.0,IntegratedModifiedEnergyFactor,0.95,387,0.1065,1.218,24,7.538462,3.5,True,1.0,True,electricity,False,1.0,True,RatedAnnualkWh,290,0.12,1.09,23,4,12,True,727,False,0,0.0,False,0,0.0,True,0,0.0,0.75,0,0,0.75,0,0,0.75,1.0,5,20,60.0,,,,,,,,,,
Montmorency,Mauricie,Triplex,Logement,Ne sait pas,Pas de Garage,Deux étages,Aucun Sous-sol ou vide sanitaire,6,4,1,Oui,Frontale,Non,1,Oui,[1500 - 2000),Non,Aucun,Aucun,Aucun,Aucun,Non,Aucun,Aucun,Aucun,Aucun,Aucun,Aucune_VE_Aucune_VHR,Aucun,Locataire,Ne sait pas,Plex,[1960 - 1970),4 ACH50,[1946 - 1971),Electricite,Electrique,Plinthes électriques,Aucune,Electrique,3,3,Not Applicable,Middle,Slab,"Double, Clear, Metal, Air",QC_WoodStud-R12.6,QC_R18.3,"QC_Wall-R12, interior",None,None,Vented Attic,None,"Electric Baseboard, 100% Efficiency",none,Medium,100% Usage,100% Usage,100% Usage,EF 19.9,EF 19.9,100% Usage,"EF 12, National Average",318 Rated kWh,100% Usage,100% Usage,20 ft^2,Fiberglass,100%,2020s_CAN_QC_Quebec-Lesage.Intl.AP.717140_CWEC2016.epw,True,-5,3,apartment unit,8,0.5556,1682,1965,3,4,VentedAttic,gable,6:12,1,SlabOnGrade,0,0,0.0,0.76,0.67,0.37,0.3,WoodStud,12.6,19.9,solid concrete,12.0,interior,0,WoodFrame,0.0,5.3,none,medium,0.5,0,0,Right,ACH,50,4.0,unit exterior only,normal,0.0,False,False,False,False,ElectricResistance,1.0,1.0,none,HSPF,0.0,SEER,0.0,ACCA,false,1.0,1.0,false,none,electricity,1.0,none,electricity,none,,False,0,0.0,False,none,False,,1.0,1.0,electricity,EnergyFactor,0.92,0,0,0,125,storage water heater,conditioned space,False,natural gas,CombinedEnergyFactor,2.7,1.0,IntegratedModifiedEnergyFactor,0.95,387,0.1065,1.218,24,7.538462,3.5,True,1.0,True,electricity,False,1.0,True,RatedAnnualkWh,318,0.12,1.09,25,4,12,True,383,False,0,0.0,True,935,0.342,True,0,0.0,0.12,0,0,0.12,0,0,0.12,1.0,5,20,,,,,10.0,1.0,,,,,
Montmorency,Chaudière-Appalaches,Maison individuelle,Logement,40 gallons,Pas de Garage,Trois étages et plus,Sous sol 6 pied,5,1,1,Oui,Traditionnelle,Oui,1,Oui,[500 - 1000),Non,Aucun,Aucun,Aucun,Aucun,Non,Aucun,Aucun,Aucun,Aucun,Aucun,Aucune_VE_Aucune_VHR,Aucun,Proprietaire,25 à 50 %,Maison,[1980 - 1990),4 ACH50,[1986 - 2013),Electricite,Electrique,Thermopompe et Système central à air chaud,Centrale,Electrique,1,1,Not Applicable,Not Applicable,Heated Basement,"Double, Low-E, L-Gain",QC_WoodStud-R20.7,QC_R30.9,"QC_Wall-R17.1, interior",Uninsulated,None,Vented Attic,None,"ASHP, SEER 15, 8.5 HSPF",none,Medium,100% Usage,100% Usage,100% Usage,EF 6.7,None,100% Usage,"EF 12, National Average",318 Rated kWh,100% Usage,100% Usage,20 ft^2,Fiberglass,100%,2020s_CAN_QC_Quebec-Lesage.Intl.AP.717140_CWEC2016.epw,True,-5,1,single-family detached,8,1.8,750,1985,3,1,VentedAttic,gable,6:12,3,ConditionedBasement,8,1,9.25,0.26,0.31,0.37,0.3,WoodStud,20.7,32.5,solid concrete,17.1,interior,0,WoodFrame,5.3,5.3,none,medium,0.5,0,0,Right,ACH,50,4.0,unit exterior only,normal,18.35,False,False,False,False,none,0.0,1.0,air-to-air,HSPF,8.5,SEER,15.0,ACCA,false,1.0,1.0,false,integrated,electricity,1.0,none,electricity,none,,False,0,0.0,False,none,False,,1.0,1.0,electricity,EnergyFactor,0.92,0,0,0,125,storage water heater,conditioned space,True,electricity,CombinedEnergyFactor,2.7,1.0,IntegratedModifiedEnergyFactor,0.95,387,0.1065,1.218,24,7.538462,3.5,True,1.0,True,electricity,False,1.0,True,RatedAnnualkWh,318,0.12,1.09,25,4,12,True,1139,False,0,0.0,True,935,0.342,True,0,0.0,0.37,0,0,0.37,0,0,0.37,1.0,5,20,40.0,true,,single stage,,,,,,,
Montréal,Montréal,Duplex,Logement,60 gallons,Pas de Garage,Un étage,Aucun Sous-sol ou vide sanitaire,1,1,1,Oui,Traditionnelle,Oui,1,Oui,[500 - 1000),Non,Aucun,Aucun,Aucun,Aucun,Non,Aucun,Aucun,Aucun,Aucun,Aucun,Aucune_VE_Aucune_VHR,Aucun,Locataire,Plus de 50 %,Plex,< 1950,10 ACH50,< 1946,Electricite,Electrique,Plinthes électriques,"Fenêtre, mobile, portable",Electrique,2,2,Not Applicable,Top,Slab,"Double, Clear, Non-metal, Air",QC_WoodStud-R12.2,QC_R12.5,"QC_Wall-R10.1, interior",None,None,Vented Attic,None,"Electric Baseboard, 100% Efficiency",none,High,120% Usage,120% Usage,120% Usage,EF 6.7,EF 10.2,105% Usage,"EF 12, National Average",290 Rated kWh,120% Usage,100% Usage,20 ft^2,Fiberglass,100%,2020s_CAN_QC_Montreal-McTavish.716120_CWEC2016.epw,True,-5,2,apartment unit,8,0.5556,750,1940,1,1,VentedAttic,gable,6:12,1,SlabOnGrade,0,0,0.0,0.49,0.56,0.37,0.3,WoodStud,12.2,14.1,solid concrete,10.1,interior,0,WoodFrame,0.0,5.3,none,medium,0.5,0,0,Right,ACH,50,10.0,unit exterior only,normal,0.0,False,False,False,False,ElectricResistance,1.0,1.0,none,HSPF,0.0,SEER,0.0,ACCA,false,1.0,1.0,false,none,electricity,1.0,none,electricity,central air conditioner,single stage,False,0,0.0,False,none,False,,1.0,1.0,electricity,EnergyFactor,0.92,0,0,0,125,storage water heater,conditioned space,True,electricity,CombinedEnergyFactor,2.7,1.2,IntegratedModifiedEnergyFactor,0.95,387,0.1065,1.218,24,7.538462,3.5,True,1.2,True,electricity,False,1.2,True,RatedAnnualkWh,290,0.12,1.09,23,4,12,True,1139,False,0,0.0,True,935,0.342,True,0,0.0,0.75,0,0,0.75,0,0,0.75,1.0,5,20,60.0,,,,10.0,1.0,,,,,
Est et Nord du Québec,Bas-Saint-Laurent,Maison individuelle,Logement,40 gallons,Pas de Garage,Deux étages,Sous sol 6 pied,10,2,2,Oui,Traditionnelle,Oui,Aucun,Oui,[3000 - 3500),Non,Aucun,Aucun,Aucun,Aucun,Non,Aucun,Aucun,Aucun,Aucun,Aucun,Une_VE_Une_VHR,Oui,Proprietaire,25 à 50 %,Maison,[1960 - 1970),7 ACH50,[1946 - 1971),Bois,Electrique,Fournaise ou poêle à bois et Plinthes électriques,"Fenêtre, mobile, portable",Electrique,1,1,Not Applicable,Not Applicable,Heated Basement,"Double, Low-E, Non-metal, Air, L-Gain",QC_WoodStud-R14,QC_R24.6,"QC_Wall-R12, interior",Uninsulated,None,Vented Attic,None,"Fuel Boiler, 72% AFUE & Electric Baseboard, 100% Efficiency",none,High,120% Usage,120% Usage,120% Usage,EF 10.5,None,105% Usage,"EF 12, National Average",290 Rated kWh,120% Usage,100% Usage,20 ft^2,Fiberglass,100%,2020s_CAN_QC_Saguenay-Bagotville.AP-CFB.Bagotville.717270_CWEC2016.epw,True,-5,1,single-family detached,8,1.8,3250,1965,5,2,VentedAttic,gable,6:12,2,ConditionedBasement,8,1,9.25,0.37,0.3,0.37,0.3,WoodStud,14.0,26.2,solid concrete,12.0,interior,0,WoodFrame,5.3,5.3,none,medium,0.5,0,0,Right,ACH,50,7.0,unit exterior only,normal,13.25,False,False,False,False,Boiler,0.72,1.0,none,HSPF,0.0,SEER,0.0,ACCA,false,1.0,1.0,false,none,electricity,1.0,none,wood,central air conditioner,single stage,True,1,,False,none,False,,1.0,1.0,electricity,EnergyFactor,0.92,0,0,0,125,storage water heater,conditioned space,True,electricity,CombinedEnergyFactor,2.7,1.2,IntegratedModifiedEnergyFactor,0.95,387,0.1065,1.218,24,7.538462,3.5,True,1.2,True,electricity,False,1.2,True,RatedAnnualkWh,290,0.12,1.09,23,4,12,True,727,False,0,0.0,False,0,0.0,True,0,0.0,0.37,0,0,0.37,0,0,0.37,1.0,5,20,40.0,,,,,,3274.0,,,,
Richelieu,Montérégie,Collective,Logement,40 gallons,Pas de Garage,Un étage,Aucun Sous-sol ou vide sanitaire,3,3,1,Oui,Frontale,Non,Aucun,Non,[500 - 1000),Non,Aucun,Aucun,Aucun,Aucun,Non,Aucun,Aucun,Aucun,Aucun,Aucun,Aucune_VE_Aucune_VHR,Aucun,Locataire,Plus de 50 %,Collective,[2000 - 2010),1 ACH50,[1986 - 2013),Electricite,Electrique,Plinthes électriques,Aucune,Electrique,6,67,Middle,Middle,Slab,"Double, Clear, Non-metal, Air",QC_WoodStud-R18.9,QC_R29.8,"QC_Wall-R17.1, interior",None,None,Vented Attic,None,"Electric Baseboard, 100% Efficiency",none,High,120% Usage,120% Usage,120% Usage,EF 15.9,None,105% Usage,"EF 12, National Average",318 Rated kWh,120% Usage,100% Usage,20 ft^2,Fiberglass,100%,2020s_CAN_QC_Montreal-McTavish.716120_CWEC2016.epw,True,-5,67,apartment unit,8,0.5556,750,2005,2,3,VentedAttic,gable,6:12,1,SlabOnGrade,0,0,0.0,0.49,0.56,0.37,0.3,WoodStud,18.9,31.4,solid concrete,17.1,interior,0,WoodFrame,0.0,5.3,none,medium,0.5,0,0,Right,ACH,50,0.608004547147253,unit exterior only,normal,0.0,True,True,True,False,ElectricResistance,1.0,1.0,none,HSPF,0.0,SEER,0.0,ACCA,false,1.0,1.0,false,none,electricity,1.0,none,electricity,none,,False,0,0.0,False,none,False,,1.0,1.0,electricity,EnergyFactor,0.92,0,0,0,125,storage water heater,conditioned space,False,natural gas,CombinedEnergyFactor,2.7,1.2,IntegratedModifiedEnergyFactor,0.95,387,0.1065,1.218,24,7.538462,3.5,True,1.2,True,electricity,False,1.2,False,RatedAnnualkWh,0,0.0,0.0,0,0,0,True,480,False,0,0.0,False,0,0.0,True,0,0.0,0.75,0,0,0.75,0,0,0.75,1.0,5,20,40.0,,,,,,,,,,
Montmorency,Chaudière-Appalaches,Collective,Central,Non definit,Pas de Garage,Un étage,Aucun Sous-sol ou vide sanitaire,4,1,1,Non,Traditionnelle,Oui,Aucun,Non,[1000 - 1500),Non,Aucun,Aucun,Aucun,Aucun,Non,Aucun,Aucun,Aucun,Aucun,Aucun,Aucune_VE_Aucune_VHR,Aucun,Locataire,0%,Collective,[2010 - 2020),3 ACH50,>= 2013,Electricite,Aucun,Plinthes électriques,"Fenêtre, mobile, portable",Ne sait pas,8,30,Middle,Middle,Slab,"Double, Clear, Non-metal, Air",QC_WoodStud-R24.5,QC_R41,"QC_Wall-R17, interior",None,None,Vented Attic,None,"Electric Baseboard, 100% Efficiency",none,High,120% Usage,120% Usage,120% Usage,EF 10.5,EF 10.5,105% Usage,"EF 12, National Average",290 Rated kWh,120% Usage,100% Usage,20 ft^2,Fiberglass,100%,2020s_CAN_QC_Quebec-Lesage.Intl.AP.717140_CWEC2016.epw,True,-5,30,apartment unit,8,0.5556,1138,2015,2,1,VentedAttic,gable,6:12,1,SlabOnGrade,0,0,0.0,0.49,0.56,0.37,0.3,WoodStud,24.5,42.6,solid concrete,17.0,interior,0,WoodFrame,0.0,5.3,none,medium,0.5,0,0,Right,ACH,50,2.027079617317983,unit exterior only,normal,0.0,True,True,False,False,ElectricResistance,1.0,1.0,none,HSPF,0.0,SEER,0.0,ACCA,false,1.0,1.0,false,none,electricity,1.0,none,electricity,central air conditioner,single stage,False,0,0.0,False,none,False,,1.0,1.0,electricity,,0.92,0,0,0,125,storage water heater,other multifamily buffer space,True,electricity,CombinedEnergyFactor,2.7,1.2,IntegratedModifiedEnergyFactor,0.95,387,0.1065,1.218,24,7.538462,3.5,True,1.2,False,natural gas,False,1.2,False,RatedAnnualkWh,0,0.0,0.0,0,0,0,True,727,False,0,0.0,False,0,0.0,True,0,0.0,0.0,0,0,0.0,0,0,0.0,1.0,5,20,,,,,,,,,,,
Montmorency,Saguenay-Lac-Saint-Jean,Maison individuelle,Logement,40 gallons,Pas de Garage,Un étage,Sous sol 6 pied,3,2,1,Oui,Traditionnelle,Oui,1,Oui,[1500 - 2000),Non,Aucun,Aucun,Aucun,Aucun,Oui,Hors_Terre,Oui,Thermopompe,Non,Non,Aucune_VE_Aucune_VHR,Aucun,Proprietaire,Plus de 50 %,Maison,[1980 - 1990),3 ACH50,[1986 - 2013),Electricite,Electrique,Système central à air chaud,Aucune,Electrique,1,1,Not Applicable,Not Applicable,Heated Basement,"Double, Clear, Non-metal, Air",QC_WoodStud-R20.7,QC_R30.9,"QC_Wall-R17.1, interior",Uninsulated,None,Vented Attic,None,"Electric Furnace, 100% AFUE",none,Low,80% Usage,80% Usage,80% Usage,EF 10.2,None,95% Usage,"EF 12, National Average",318 Rated kWh,80% Usage,100% Usage,20 ft^2,Fiberglass,100%,2020s_CAN_QC_Quebec-Lesage.Intl.AP.717140_CWEC2016.epw,True,-5,1,single-family detached,8,1.8,1698,1985,2,2,VentedAttic,gable,6:12,1,ConditionedBasement,8,1,9.25,0.49,0.56,0.37,0.3,WoodStud,20.7,32.5,solid concrete,17.1,interior,0,WoodFrame,5.3,5.3,none,medium,0.5,0,0,Right,ACH,50,3.0,unit exterior only,normal,18.35,False,False,False,False,Furnace,1.0,1.0,none,HSPF,0.0,SEER,0.0,ACCA,false,1.0,1.0,false,none,electricity,1.0,none,electricity,none,,False,0,0.0,False,none,True,heat pump,1.0,1.0,electricity,EnergyFactor,0.92,0,0,0,125,storage water heater,conditioned space,True,electricity,CombinedEnergyFactor,2.7,0.8,IntegratedModifiedEnergyFactor,0.95,387,0.1065,1.218,24,7.538462,3.5,True,0.8,True,electricity,False,0.8,True,RatedAnnualkWh,318,0.12,1.09,25,4,12,True,748,False,0,0.0,True,935,0.342,True,0,0.0,0.75,0,0,0.75,0,0,0.75,1.0,5,20,40.0,,,,,,,,,,
Montréal,Montréal,Collective,Logement,23-40 gallons,Pas de Garage,Un étage,Aucun Sous-sol ou vide sanitaire,2,1,1,Oui,Traditionnelle,Non,Aucun,Non,[500 - 1000),Non,Aucun,Aucun,Aucun,Aucun,Non,Aucun,Aucun,Aucun,Aucun,Aucun,Aucune_VE_Aucune_VHR,Aucun,Proprietaire,25 à 50 %,Collective,[1960 - 1970),7 ACH50,[1946 - 1971),Electricite,Electrique,Plinthes électriques,"Fenêtre, mobile, portable",Electrique,8,326,Middle,Middle,Slab,"Double, Clear, Non-metal, Air",QC_WoodStud-R12.6,QC_R18.3,"QC_Wall-R12, interior",None,None,Vented Attic,None,"Electric Baseboard, 100% Efficiency",none,Medium,100% Usage,100% Usage,100% Usage,EF 10.2,None,100% Usage,"EF 12, National Average",290 Rated kWh,100% Usage,100% Usage,20 ft^2,Fiberglass,100%,2020s_CAN_QC_Montreal-McTavish.716120_CWEC2016.epw,True,-5,326,apartment unit,8,0.5556,750,1965,1,1,VentedAttic,gable,6:12,1,SlabOnGrade,0,0,0.0,0.49,0.56,0.37,0.3,WoodStud,12.6,19.9,solid concrete,12.0,interior,0,WoodFrame,0.0,5.3,none,medium,0.5,0,0,Right,ACH,50,5.948976565931075,unit exterior only,normal,0.0,True,True,True,False,ElectricResistance,1.0,1.0,none,HSPF,0.0,SEER,0.0,ACCA,false,1.0,1.0,false,none,electricity,1.0,none,electricity,central air conditioner,single stage,False,0,0.0,False,none,False,,1.0,1.0,electricity,EnergyFactor,0.92,0,0,0,125,storage water heater,conditioned space,False,natural gas,CombinedEnergyFactor,2.7,1.0,IntegratedModifiedEnergyFactor,0.95,387,0.1065,1.218,24,7.538462,3.5,True,1.0,True,electricity,False,1.0,False,RatedAnnualkWh,0,0.0,0.0,0,0,0,True,748,False,0,0.0,False,0,0.0,True,0,0.0,0.37,0,0,0.37,0,0,0.37,1.0,5,20,26.0,,,,,,,,,,
Richelieu,Montérégie,Maison individuelle,Logement,23-40 gallons,Garage chauffé à électricité,Deux étages,Sous sol 6 pied,7,3,2,Oui,Traditionnelle,Oui,1,Oui,[1500 - 2000),Oui,Exterieur,Printemps_Ete_Automne,Augmentation,Aucun,Non,Aucun,Aucun,Aucun,Aucun,Aucun,Aucune_VE_Aucune_VHR,Aucun,Proprietaire,Plus de 50 %,Maison,[1990 - 2000),3 ACH50,[1986 - 2013),Electricite,Electrique,Plinthes électriques,Aucune,Electrique,1,1,Not Applicable,Not Applicable,Heated Basement,"Double, Low-E, Non-metal, Air, M-Gain",QC_WoodStud-R20.7,QC_R30.9,"QC_Wall-R17.1, interior",Uninsulated,None,Vented Attic,None,"Electric Baseboard, 100% Efficiency",electric resistance,Medium,100% Usage,100% Usage,100% Usage,EF 19.9,EF 10.2,100% Usage,"EF 12, National Average",290 Rated kWh,100% Usage,100% Usage,20 ft^2,Fiberglass,100%,2020s_CAN_QC_Montreal-McTavish.716120_CWEC2016.epw,True,-5,1,single-family detached,8,1.8,1698,1995,4,3,VentedAttic,gable,6:12,2,ConditionedBasement,8,1,9.25,0.38,0.44,0.37,0.3,WoodStud,20.7,32.5,solid concrete,17.1,interior,0,WoodFrame,5.3,5.3,none,medium,0.5,20,12,Right,ACH,50,3.0,unit exterior only,normal,18.35,False,False,False,False,ElectricResistance,1.0,1.0,none,HSPF,0.0,SEER,0.0,ACCA,false,1.0,1.0,false,none,electricity,1.0,none,electricity,none,,False,0,0.0,True,electric resistance,False,,1.0,1.0,electricity,EnergyFactor,0.92,0,0,0,125,storage water heater,conditioned space,True,electricity,CombinedEnergyFactor,2.7,1.0,IntegratedModifiedEnergyFactor,0.95,387,0.1065,1.218,24,7.538462,3.5,True,1.0,True,electricity,False,1.0,True,RatedAnnualkWh,290,0.12,1.09,23,4,12,True,383,True,748,1.0,True,935,0.342,True,0,0.0,0.75,0,0,0.75,0,0,0.75,1.0,5,20,26.0,,,,,,,0.0,1076.394314236111,,
Montréal,Montréal,Maison individuelle,Logement,60 gallons,Pas de Garage,Trois étages et plus,Vide sanitaire moins 6 pieds,11,2,2,Oui,Traditionnelle,Oui,1,Non,[2500 - 3000),Non,Aucun,Aucun,Aucun,Aucun,Oui,Hors_Terre,Oui,Thermopompe,Non,Non,Aucune_VE_Aucune_VHR,Aucun,Proprietaire,1 à 24 %,Maison,[1960 - 1970),8 ACH50,[1946 - 1971),Bi-energie,Electrique,Thermopompe et Système central à air chaud,Centrale,Electrique,1,1,Not Applicable,Not Applicable,Unvented Crawlspace,"Double, Low-E, L-Gain",QC_WoodStud-R14,QC_R24.6,"QC_Wall-R12, interior",Uninsulated,None,Vented Attic,None,"Fuel Furnace, 80% AFUE & ASHP, SEER 13, 7.7 HSPF",none,Low,80% Usage,80% Usage,80% Usage,EF 15.9,None,95% Usage,"EF 12, National Average",318 Rated kWh,80% Usage,100% Usage,20 ft^2,Fiberglass,100%,2020s_CAN_QC_Montreal-McTavish.716120_CWEC2016.epw,True,-5,1,single-family detached,8,1.8,2678,1965,5,2,VentedAttic,gable,6:12,3,UnventedCrawlspace,4,1,9.25,0.26,0.31,0.37,0.3,WoodStud,14.0,26.2,solid concrete,12.0,interior,0,WoodFrame,5.3,5.3,none,medium,0.5,0,0,Right,ACH,50,8.0,unit exterior only,normal,13.25,False,False,False,False,none,0.0,1.0,air-to-air,HSPF,7.7,SEER,13.0,ACCA,false,1.0,1.0,false,integrated,fuel oil,0.8,none,natural gas,none,,False,0,0.0,False,none,True,heat pump,1.0,1.0,electricity,EnergyFactor,0.92,0,0,0,125,storage water heater,conditioned space,True,electricity,CombinedEnergyFactor,2.7,0.8,IntegratedModifiedEnergyFactor,0.95,387,0.1065,1.218,24,7.538462,3.5,True,0.8,True,electricity,False,0.8,False,RatedAnnualkWh,0,0.0,0.0,0,0,0,True,480,False,0,0.0,True,935,0.342,True,0,0.0,0.12,0,0,0.12,0,0,0.12,1.0,5,20,60.0,true,10.4,single stage,,,,,,,
Montmorency,Chaudière-Appalaches,Maison individuelle,Logement,40 gallons,Pas de Garage,Deux étages,Sous sol 6 pied,8,2,3,Oui,Traditionnelle,Oui,1,Oui,[2000 - 2500),Non,Aucun,Aucun,Aucun,Aucun,Non,Aucun,Aucun,Aucun,Aucun,Aucun,Aucune_VE_Aucune_VHR,Aucun,Proprietaire,Plus de 50 %,Maison,[1960 - 1970),8 ACH50,[1946 - 1971),Bi-energie,Electrique,Thermopompe et Système central à air chaud,Centrale,Electrique,1,1,Not Applicable,Not Applicable,Heated Basement,"Double, Clear, Non-metal, Air",QC_WoodStud-R14,QC_R24.6,"QC_Wall-R12, interior",Uninsulated,None,Vented Attic,None,"Fuel Furnace, 80% AFUE & ASHP, SEER 13, 7.7 HSPF",none,Medium,100% Usage,100% Usage,100% Usage,EF 17.6,None,100% Usage,"EF 12, National Average",290 Rated kWh,100% Usage,100% Usage,20 ft^2,Fiberglass,100%,2020s_CAN_QC_Quebec-Lesage.Intl.AP.717140_CWEC2016.epw,True,-5,1,single-family detached,8,1.8,2179,1965,4,2,VentedAttic,gable,6:12,2,ConditionedBasement,8,1,9.25,0.49,0.56,0.37,0.3,WoodStud,14.0,26.2,solid concrete,12.0,interior,0,WoodFrame,5.3,5.3,none,medium,0.5,0,0,Right,ACH,50,8.0,unit exterior only,normal,13.25,False,False,False,False,none,0.0,1.0,air-to-air,HSPF,7.7,SEER,13.0,ACCA,false,1.0,1.0,false,integrated,fuel oil,0.8,none,natural gas,none,,False,0,0.0,False,none,False,,1.0,1.0,electricity,EnergyFactor,0.92,0,0,0,125,storage water heater,conditioned space,True,electricity,CombinedEnergyFactor,2.7,1.0,IntegratedModifiedEnergyFactor,0.95,387,0.1065,1.218,24,7.538462,3.5,True,1.0,True,electricity,False,1.0,True,RatedAnnualkWh,290,0.12,1.09,23,4,12,True,433,False,0,0.0,True,935,0.342,True,0,0.0,0.75,0,0,0.75,0,0,0.75,1.0,5,20,40.0,true,10.4,single stage,,,,,,,
Montréal,Montréal,Maison en rangee,Logement,Ne sait pas,Garage chauffé à électricité,Trois étages et plus,Sous sol 6 pied,8,2,1,Oui,Traditionnelle,Oui,1,Oui,[1500 - 2000),Non,Aucun,Aucun,Aucun,Aucun,Non,Aucun,Aucun,Aucun,Aucun,Aucun,Aucune_VE_Aucune_VHR,Aucun,Proprietaire,1 à 24 %,Maison,>= 2020,2 ACH50,>= 2013,Electricite,Electrique,Plinthes électriques,Murale,Electrique,1,2,Left,Not Applicable,Heated Basement,"Double, Low-E, Non-metal, Air, M-Gain",QC_WoodStud-R24.5,QC_R41,"QC_Wall-R17, interior",Uninsulated,None,Vented Attic,None,"Electric Baseboard, 100% Efficiency",none,Medium,100% Usage,100% Usage,100% Usage,EF 10.5,None,100% Usage,"EF 12, National Average",290 Rated kWh,100% Usage,100% Usage,20 ft^2,Fiberglass,100%,2020s_CAN_QC_Montreal-McTavish.716120_CWEC2016.epw,True,-5,2,single-family attached,8,0.5556,1678,2020,4,2,VentedAttic,gable,6:12,3,ConditionedBasement,8,1,9.25,0.38,0.44,0.37,0.3,WoodStud,24.5,42.6,solid concrete,17.0,interior,0,WoodFrame,5.3,5.3,none,medium,0.5,0,0,Right,ACH,50,2.0,unit exterior only,normal,18.25,False,True,False,False,ElectricResistance,1.0,1.0,none,HSPF,0.0,SEER,0.0,ACCA,false,1.0,1.0,false,none,electricity,1.0,none,electricity,mini-split,variable speed,False,0,0.0,False,none,False,,1.0,1.0,electricity,EnergyFactor,0.92,0,0,0,125,storage water heater,conditioned space,True,electricity,CombinedEnergyFactor,2.7,1.0,IntegratedModifiedEnergyFactor,0.95,387,0.1065,1.218,24,7.538462,3.5,True,1.0,True,electricity,False,1.0,True,RatedAnnualkWh,290,0.12,1.09,23,4,12,True,727,False,0,0.0,True,935,0.342,True,0,0.0,0.12,0,0,0.12,0,0,0.12,1.0,5,20,,,,,,,,,,,
Richelieu,Estrie,Maison individuelle,Logement,40 gallons,Garage chauffé à électricité,Trois étages et plus,Sous sol 6 pied,6,1,2,Oui,Aucun,Oui,1,Non,[1000 - 1500),Non,Aucun,Aucun,Aucun,Aucun,Oui,Hors_Terre,Non,Aucun,Non,Non,Aucune_VE_Aucune_VHR,Aucun,Proprietaire,1 à 24 %,Maison,[1950 - 1960),10 ACH50,[1946 - 1971),Electricite,Electrique,Thermopompe murale et Plinthes électriques,Murale,Electrique,1,1,Not Applicable,Not Applicable,Heated Basement,"Double, Clear, Non-metal, Air",QC_WoodStud-R14,QC_R24.6,"QC_Wall-R12, interior",Uninsulated,None,Vented Attic,None,"MSHP, SEER 14.5, 8.2 HSPF",none,High,120% Usage,120% Usage,120% Usage,EF 19.9,None,105% Usage,"EF 12, National Average",290 Rated kWh,120% Usage,100% Usage,20 ft^2,Fiberglass,100%,2020s_CAN_QC_Montreal-McTavish.716120_CWEC2016.epw,True,-5,1,single-family detached,8,1.8,1228,1955,3,1,VentedAttic,gable,6:12,3,ConditionedBasement,8,1,9.25,0.49,0.56,0.37,0.3,WoodStud,14.0,26.2,solid concrete,12.0,interior,0,WoodFrame,5.3,5.3,none,medium,0.5,12,12,Right,ACH,50,10.0,unit exterior only,normal,13.25,False,False,False,False,none,0.0,1.0,mini-split,HSPF,8.2,SEER,14.5,ACCA,false,1.0,1.0,false,integrated,electricity,1.0,none,electricity,none,,False,0,0.0,False,none,True,,1.0,1.0,electricity,EnergyFactor,0.92,0,0,0,125,storage water heater,conditioned space,True,electricity,CombinedEnergyFactor,2.7,1.2,IntegratedModifiedEnergyFactor,0.0,0,0.0,0.0,0,0.0,0.0,False,1.2,True,electricity,False,1.2,False,RatedAnnualkWh,0,0.0,0.0,0,0,0,True,383,False,0,0.0,True,935,0.342,True,0,0.0,0.12,0,0,0.12,0,0,0.12,1.0,5,20,40.0,false,,variable speed,,,,,,0.25,-5.0
Richelieu,Montérégie,Maison individuelle,Logement,40 gallons,Garage chauffé à électricité,Deux étages,Vide sanitaire moins 6 pieds,10,2,2,Oui,Traditionnelle,Oui,Aucun,Oui,[1500 - 2000),Non,Aucun,Aucun,Aucun,Aucun,Oui,Hors_Terre,Non,Aucun,Oui,Oui,Aucune_VE_Aucune_VHR,Aucun,Proprietaire,Plus de 50 %,Maison,[1950 - 1960),8 ACH50,[1946 - 1971),Electricite,Electrique,Plinthes électriques,Murale,Electrique,1,1,Not Applicable,Not Applicable,Unvented Crawlspace,"Double, Clear, Non-metal, Air",QC_WoodStud-R14,QC_R24.6,"QC_Wall-R12, interior",Uninsulated,None,Vented Attic,None,"Electric Baseboard, 100% Efficiency",none,Medium,100% Usage,100% Usage,100% Usage,EF 10.5,None,100% Usage,"EF 12, National Average",290 Rated kWh,100% Usage,100% Usage,20 ft^2,Fiberglass,100%,2020s_CAN_QC_Montreal-McTavish.716120_CWEC2016.epw,True,-5,1,single-family detached,8,1.8,1698,1955,5,2,VentedAttic,gable,6:12,2,UnventedCrawlspace,4,1,9.25,0.49,0.56,0.37,0.3,WoodStud,14.0,26.2,solid concrete,12.0,interior,0,WoodFrame,5.3,5.3,none,medium,0.5,20,12,Right,ACH,50,8.0,unit exterior only,normal,13.25,False,False,False,False,ElectricResistance,1.0,1.0,none,HSPF,0.0,SEER,0.0,ACCA,false,1.0,1.0,false,none,electricity,1.0,none,electricity,mini-split,variable speed,False,0,0.0,False,none,True,,0.3,0.45,electricity,EnergyFactor,0.92,0,0,0,125,storage water heater,conditioned space,True,electricity,CombinedEnergyFactor,2.7,1.0,IntegratedModifiedEnergyFactor,0.95,387,0.1065,1.218,24,7.538462,3.5,True,1.0,True,electricity,False,1.0,True,RatedAnnualkWh,290,0.12,1.09,23,4,12,True,727,False,0,0.0,False,0,0.0,True,0,0.0,0.75,0,0,0.75,0,0,0.75,1.0,5,20,40.0,,,,,,,,,,
Laurentides,Laurentides,Maison individuelle,Logement,60 gallons,Garage chauffé à électricité,Deux étages,Sous sol 6 pied,5,2,2,Oui,Traditionnelle,Oui,Aucun,Non,[1000 - 1500),Non,Aucun,Aucun,Aucun,Aucun,Oui,Hors_Terre,Non,Aucun,Oui,Non,Aucune_VE_Aucune_VHR,Aucun,Proprietaire,Plus de 50 %,Maison,[1970 - 1980),6 ACH50,[1971 - 1986),Bois,Electrique,Fournaise ou poêle à bois,Aucune,Electrique,1,1,Not Applicable,Not Applicable,Heated Basement,"Double, Low-E, Non-metal, Air, M-Gain",QC_WoodStud-R17.2,QC_R27.3,"QC_Wall-R14.4, interior",Uninsulated,None,Vented Attic,None,"Fuel Boiler, 72% AFUE",none,Medium,100% Usage,100% Usage,100% Usage,EF 10.5,None,100% Usage,"EF 12, National Average",290 Rated kWh,100% Usage,100% Usage,20 ft^2,Fiberglass,100%,2020s_CAN_QC_Montreal-McTavish.716120_CWEC2016.epw,True,-5,1,single-family detached,8,1.8,1228,1975,3,2,VentedAttic,gable,6:12,2,ConditionedBasement,8,1,9.25,0.38,0.44,0.37,0.3,WoodStud,17.2,28.9,solid concrete,14.4,interior,0,WoodFrame,5.3,5.3,none,medium,0.5,20,12,Right,ACH,50,6.0,unit exterior only,normal,15.650000000000002,False,False,False,False,Boiler,0.72,1.0,none,HSPF,0.0,SEER,0.0,ACCA,false,1.0,1.0,false,none,electricity,1.0,none,wood,none,,False,0,0.0,False,none,True,,0.3,1.0,electricity,EnergyFactor,0.92,0,0,0,125,storage water heater,conditioned space,True,electricity,CombinedEnergyFactor,2.7,1.0,IntegratedModifiedEnergyFactor,0.95,387,0.1065,1.218,24,7.538462,3.5,True,1.0,True,electricity,False,1.0,False,RatedAnnualkWh,0,0.0,0.0,0,0,0,True,727,False,0,0.0,False,0,0.0,True,0,0.0,0.75,0,0,0.75,0,0,0.75,1.0,5,20,60.0,,,,,,,,,,
Montmorency,Capitale-Nationale,Maison individuelle,Logement,60 gallons,Pas de Garage,Un étage,Sous sol 6 pied,4,2,1,Oui,Traditionnelle,Oui,1,Oui,[500 - 1000),Non,Aucun,Aucun,Aucun,Aucun,Oui,Creusee_Exterieur,Non,Aucun,Oui,Non,Aucune_VE_Aucune_VHR,Aucun,Proprietaire,Plus de 50 %,Maison,[1970 - 1980),6 ACH50,[1971 - 1986),Bois,Electrique,Fournaise ou poêle à bois,"Fenêtre, mobile, portable",Electrique,1,1,Not Applicable,Not Applicable,Heated Basement,"Double, Low-E, Non-metal, Air, L-Gain",QC_WoodStud-R17.2,QC_R27.3,"QC_Wall-R14.4, interior",Uninsulated,None,Vented Attic,None,"Fuel Boiler, 72% AFUE",none,Medium,100% Usage,100% Usage,100% Usage,EF 10.2,EF 6.7,100% Usage,"EF 12, National Average",318 Rated kWh,100% Usage,100% Usage,20 ft^2,Fiberglass,100%,2020s_CAN_QC_Quebec-Lesage.Intl.AP.717140_CWEC2016.epw,True,-5,1,single-family detached,8,1.8,750,1975,2,2,VentedAttic,gable,6:12,1,ConditionedBasement,8,1,9.25,0.37,0.3,0.37,0.3,WoodStud,17.2,28.9,solid concrete,14.4,interior,0,WoodFrame,5.3,5.3,none,medium,0.5,0,0,Right,ACH,50,6.0,unit exterior only,normal,15.650000000000002,False,False,False,False,Boiler,0.72,1.0,none,HSPF,0.0,SEER,0.0,ACCA,false,1.0,1.0,false,none,electricity,1.0,none,wood,central air conditioner,single stage,False,0,0.0,False,none,True,,0.3,1.0,electricity,EnergyFactor,0.92,0,0,0,125,storage water heater,conditioned space,True,electricity,CombinedEnergyFactor,2.7,1.0,IntegratedModifiedEnergyFactor,0.95,387,0.1065,1.218,24,7.538462,3.5,True,1.0,True,electricity,False,1.0,True,RatedAnnualkWh,318,0.12,1.09,25,4,12,True,748,False,0,0.0,True,935,0.342,True,0,0.0,0.75,0,0,0.75,0,0,0.75,1.0,5,20,60.0,,,,,,,,,,
Richelieu,Montérégie,Collective,Logement,40 gallons,Pas de Garage,Un étage,Aucun Sous-sol ou vide sanitaire,2,1,1,Oui,Aucun,Oui,Aucun,Non,[500 - 1000),Non,Aucun,Aucun,Aucun,Aucun,Non,Aucun,Aucun,Aucun,Aucun,Aucun,Aucune_VE_Aucune_VHR,Aucun,Locataire,Plus de 50 %,Collective,[2010 - 2020),5 ACH50,>= 2013,Electricite,Electrique,Système central à eau chaude,"Fenêtre, mobile, portable",Electrique,4,30,Middle,Bottom,Slab,"Double, Clear, Non-metal, Air",QC_WoodStud-R24.5,QC_R41,"QC_Wall-R17, interior",None,None,Vented Attic,None,"Electric Boiler, 100% AFUE",none,Medium,100% Usage,100% Usage,100% Usage,EF 21.9,None,100% Usage,"EF 12, National Average",290 Rated kWh,100% Usage,100% Usage,20 ft^2,Fiberglass,100%,2020s_CAN_QC_Montreal-McTavish.716120_CWEC2016.epw,True,-5,30,apartment unit,8,0.5556,750,2015,1,1,VentedAttic,gable,6:12,1,SlabOnGrade,0,0,0.0,0.49,0.56,0.37,0.3,WoodStud,24.5,42.6,solid concrete,17.0,interior,0,WoodFrame,0.0,5.3,none,medium,0.5,0,0,Right,ACH,50,2.5511203624341867,unit exterior only,normal,0.0,True,True,True,False,Boiler,1.0,1.0,none,HSPF,0.0,SEER,0.0,ACCA,false,1.0,1.0,false,none,electricity,1.0,none,electricity,central air conditioner,single stage,False,0,0.0,False,none,False,,1.0,1.0,electricity,EnergyFactor,0.92,0,0,0,125,storage water heater,conditioned space,True,electricity,CombinedEnergyFactor,2.7,1.0,IntegratedModifiedEnergyFactor,0.0,0,0.0,0.0,0,0.0,0.0,False,1.0,True,electricity,False,1.0,False,RatedAnnualkWh,0,0.0,0.0,0,0,0,True,348,False,0,0.0,False,0,0.0,True,0,0.0,0.75,0,0,0.75,0,0,0.75,1.0,5,20,40.0,,,,,,,,,,
Montréal,Montréal,Collective,Central,Non definit,Pas de Garage,Un étage,Aucun Sous-sol ou vide sanitaire,4,3,1,Non,Traditionnelle,Oui,Aucun,Non,[500 - 1000),Non,Aucun,Aucun,Aucun,Aucun,Non,Aucun,Aucun,Aucun,Aucun,Aucun,Aucune_VE_Aucune_VHR,Aucun,Locataire,Plus de 50 %,Collective,[1990 - 2000),3 ACH50,[1986 - 2013),Electricite,Aucun,Thermopompe murale et Plinthes électriques,Murale,Ne sait pas,5,67,Left,Middle,Slab,"Double, Clear, Non-metal, Air",QC_WoodStud-R18.9,QC_R29.8,"QC_Wall-R17.1, interior",None,None,Vented Attic,None,"MSHP, SEER 17, 9.5 HSPF",none,Low,80% Usage,80% Usage,80% Usage,EF 6.7,EF 19.9,95% Usage,"EF 12, National Average",290 Rated kWh,80% Usage,100% Usage,20 ft^2,Fiberglass,100%,2020s_CAN_QC_Montreal-McTavish.716120_CWEC2016.epw,True,-5,67,apartment unit,8,0.5556,750,1995,2,3,VentedAttic,gable,6:12,1,SlabOnGrade,0,0,0.0,0.49,0.56,0.37,0.3,WoodStud,18.9,31.4,solid concrete,17.1,interior,0,WoodFrame,0.0,5.3,none,medium,0.5,0,0,Right,ACH,50,5.463949448844215,unit exterior only,normal,0.0,False,True,True,False,none,0.0,1.0,mini-split,HSPF,9.5,SEER,17.0,ACCA,false,1.0,1.0,false,integrated,electricity,1.0,none,electricity,none,,False,0,0.0,False,none,False,,1.0,1.0,electricity,,0.92,0,0,0,125,storage water heater,other multifamily buffer space,True,electricity,CombinedEnergyFactor,2.7,0.8,IntegratedModifiedEnergyFactor,0.95,387,0.1065,1.218,24,7.538462,3.5,True,0.8,False,natural gas,False,0.8,False,RatedAnnualkWh,0,0.0,0.0,0,0,0,True,1139,False,0,0.0,False,0,0.0,True,0,0.0,0.75,0,0,0.75,0,0,0.75,1.0,5,20,,false,,variable speed,,,,,,0.25,-5.0
Richelieu,Montérégie,Maison individuelle,Logement,40 gallons,Pas de Garage,Trois étages et plus,Sous sol 6 pied,9,1,1,Oui,Traditionnelle,Oui,1,Non,[2000 - 2500),Non,Aucun,Aucun,Aucun,Aucun,Non,Aucun,Aucun,Aucun,Aucun,Aucun,Aucune_VE_Aucune_VHR,Aucun,Locataire,Plus de 50 %,Maison,[1970 - 1980),15 ACH50,[1971 - 1986),Bi-energie,Electrique,Système central à air chaud,Murale,Electrique,1,1,Not Applicable,Not Applicable,Heated Basement,"Triple, Low-E, Non-metal, Air, L-Gain",QC_WoodStud-R17.2,QC_R27.3,"QC_Wall-R14.4, interior",Uninsulated,None,Vented Attic,None,"Electric Furnace, 100% AFUE & Fuel Furnace, 80% AFUE",none,Medium,100% Usage,100% Usage,100% Usage,EF 19.9,None,100% Usage,"EF 12, National Average",290 Rated kWh,100% Usage,100% Usage,20 ft^2,Fiberglass,100%,2020s_CAN_QC_Montreal-McTavish.716120_CWEC2016.epw,True,-5,1,single-family detached,8,1.8,2179,1975,5,1,VentedAttic,gable,6:12,3,ConditionedBasement,8,1,9.25,0.29,0.26,0.37,0.3,WoodStud,17.2,28.9,solid concrete,14.4,interior,0,WoodFrame,5.3,5.3,none,medium,0.5,0,0,Right,ACH,50,15.0,unit exterior only,normal,15.650000000000002,False,False,False,False,Furnace,1.0,1.0,none,HSPF,0.0,SEER,0.0,ACCA,false,1.0,1.0,false,none,electricity,1.0,none,natural gas,mini-split,variable speed,False,0,0.0,False,none,False,,1.0,1.0,electricity,EnergyFactor,0.92,0,0,0,125,storage water heater,conditioned space,True,electricity,CombinedEnergyFactor,2.7,1.0,IntegratedModifiedEnergyFactor,0.95,387,0.1065,1.218,24,7.538462,3.5,True,1.0,True,electricity,False,1.0,False,RatedAnnualkWh,0,0.0,0.0,0,0,0,True,383,False,0,0.0,True,935,0.342,True,0,0.0,0.75,0,0,0.75,0,0,0.75,1.0,5,20,40.0,,,,,,,,,,
Montmorency,Capitale-Nationale,Maison individuelle,Logement,40 gallons,Pas de Garage,Trois étages et plus,Sous sol 6 pied,11,2,1,Oui,Traditionnelle,Oui,Aucun,Oui,[2000 - 2500),Oui,Exterieur,Toute_Saison,Constant,Augmentation,Non,Aucun,Aucun,Aucun,Aucun,Aucun,Aucune_VE_Aucune_VHR,Aucun,Proprietaire,1 à 24 %,Maison,[1970 - 1980),3 ACH50,[1971 - 1986),Bois,Gaz,Fournaise ou poêle à bois et Système central à eau chaude,Aucune,Electrique,1,1,Not Applicable,Not Applicable,Heated Basement,"Double, Clear, Metal, Air",QC_WoodStud-R17.2,QC_R27.3,"QC_Wall-R14.4, interior",Uninsulated,None,Vented Attic,None,"Fuel Boiler, 72% AFUE & Electric Boiler, 100% AFUE",electric resistance,Medium,100% Usage,100% Usage,100% Usage,EF 19.9,None,100% Usage,"EF 12, National Average",290 Rated kWh,100% Usage,100% Usage,20 ft^2,Fiberglass,100%,2020s_CAN_QC_Quebec-Lesage.Intl.AP.717140_CWEC2016.epw,True,-5,1,single-family detached,8,1.8,2179,1975,5,2,VentedAttic,gable,6:12,3,ConditionedBasement,8,1,9.25,0.76,0.67,0.37,0.3,WoodStud,17.2,28.9,solid concrete,14.4,interior,0,WoodFrame,5.3,5.3,none,medium,0.5,0,0,Right,ACH,50,3.0,unit exterior only,normal,15.650000000000002,False,False,False,False,Boiler,0.72,1.0,none,HSPF,0.0,SEER,0.0,ACCA,false,1.0,1.0,false,none,electricity,1.0,none,wood,none,,False,0,0.0,True,electric resistance,False,,1.0,1.0,electricity,EnergyFactor,0.92,0,0,0,125,storage water heater,conditioned space,True,electricity,CombinedEnergyFactor,2.7,1.0,IntegratedModifiedEnergyFactor,0.95,387,0.1065,1.218,24,7.538462,3.5,True,1.0,True,natural gas,False,1.0,True,RatedAnnualkWh,290,0.12,1.09,23,4,12,True,383,False,0,0.0,False,0,0.0,True,0,0.0,0.12,0,0,0.12,0,0,0.12,1.0,5,20,40.0,,,,,,,0.0,1225.3987630208333,,
Richelieu,Centre-du-Québec,Maison individuelle,Logement,40 gallons,Garage chauffé à électricité,Un étage,Sous sol 6 pied,5,1,1,Oui,Frontale,Oui,Aucun,Non,[1000 - 1500),Non,Aucun,Aucun,Aucun,Aucun,Non,Aucun,Aucun,Aucun,Aucun,Aucun,Aucune_VE_Aucune_VHR,Aucun,Proprietaire,0%,Maison,< 1950,10 ACH50,< 1946,Mazout,Electrique,Système central à air chaud,Murale,Electrique,1,1,Not Applicable,Not Applicable,Heated Basement,"Double, Low-E, Non-metal, Air, L-Gain",QC_WoodStud-R14.5,QC_R19.6,"QC_Wall-R10.1, interior",Uninsulated,None,Vented Attic,None,"Fuel Furnace, 80% AFUE",none,Medium,100% Usage,100% Usage,100% Usage,EF 6.7,None,100% Usage,"EF 12, National Average",318 Rated kWh,100% Usage,100% Usage,20 ft^2,Fiberglass,100%,2020s_CAN_QC_Montreal-McTavish.716120_CWEC2016.epw,True,-5,1,single-family detached,8,1.8,1228,1940,3,1,VentedAttic,gable,6:12,1,ConditionedBasement,8,1,9.25,0.37,0.3,0.37,0.3,WoodStud,14.5,21.2,solid concrete,10.1,interior,0,WoodFrame,5.3,5.3,none,medium,0.5,20,12,Right,ACH,50,10.0,unit exterior only,normal,11.35,False,False,False,False,Furnace,0.8,1.0,none,HSPF,0.0,SEER,0.0,ACCA,false,1.0,1.0,false,none,electricity,1.0,none,fuel oil,mini-split,variable speed,False,0,0.0,False,none,False,,1.0,1.0,electricity,EnergyFactor,0.92,0,0,0,125,storage water heater,conditioned space,True,electricity,CombinedEnergyFactor,2.7,1.0,IntegratedModifiedEnergyFactor,0.95,387,0.1065,1.218,24,7.538462,3.5,True,1.0,True,electricity,False,1.0,False,RatedAnnualkWh,0,0.0,0.0,0,0,0,True,1139,False,0,0.0,False,0,0.0,True,0,0.0,0.0,0,0,0.0,0,0,0.0,1.0,5,20,40.0,,,,,,,,,,
Laurentides,Lanaudière,Maison individuelle,Logement,60 gallons,Garage chauffé à électricité,Deux étages,Sous sol 6 pied,4,2,1,Oui,Traditionnelle,Oui,Aucun,Oui,[500 - 1000),Non,Aucun,Aucun,Aucun,Aucun,Non,Aucun,Aucun,Aucun,Aucun,Aucun,Aucune_VE_Aucune_VHR,Aucun,Proprietaire,Plus de 50 %,Maison,[1980 - 1990),5 ACH50,[1971 - 1986),Electricite,Electrique,Thermopompe et Système central à air chaud,Centrale,Electrique,1,1,Not Applicable,Not Applicable,Heated Basement,"Double, Low-E, Non-metal, Air, L-Gain",QC_WoodStud-R20.7,QC_R30.9,"QC_Wall-R17.1, interior",Uninsulated,None,Vented Attic,None,"ASHP, SEER 15, 8.5 HSPF",none,Low,80% Usage,80% Usage,80% Usage,EF 19.9,None,95% Usage,"EF 12, National Average",290 Rated kWh,80% Usage,100% Usage,20 ft^2,Fiberglass,100%,2020s_CAN_QC_Montreal-McTavish.716120_CWEC2016.epw,True,-5,1,single-family detached,8,1.8,750,1985,2,2,VentedAttic,gable,6:12,2,ConditionedBasement,8,1,9.25,0.37,0.3,0.37,0.3,WoodStud,20.7,32.5,solid concrete,17.1,interior,0,WoodFrame,5.3,5.3,none,medium,0.5,12,12,Right,ACH,50,5.0,unit exterior only,normal,18.35,False,False,False,False,none,0.0,1.0,air-to-air,HSPF,8.5,SEER,15.0,ACCA,false,1.0,1.0,false,integrated,electricity,1.0,none,electricity,none,,False,0,0.0,False,none,False,,1.0,1.0,electricity,EnergyFactor,0.92,0,0,0,125,storage water heater,conditioned space,True,electricity,CombinedEnergyFactor,2.7,0.8,IntegratedModifiedEnergyFactor,0.95,387,0.1065,1.218,24,7.538462,3.5,True,0.8,True,electricity,False,0.8,True,RatedAnnualkWh,290,0.12,1.09,23,4,12,True,383,False,0,0.0,False,0,0.0,True,0,0.0,0.75,0,0,0.75,0,0,0.75,1.0,5,20,60.0,true,,single stage,,,,,,,
Montréal,Montréal,Duplex,Logement,Ne sait pas,Pas de Garage,Trois étages et plus,Aucun Sous-sol ou vide sanitaire,7,4,1,Oui,Frontale,Oui,Aucun,Oui,[1500 - 2000),Non,Aucun,Aucun,Aucun,Aucun,Non,Aucun,Aucun,Aucun,Aucun,Aucun,Aucune_VE_Aucune_VHR,Aucun,Proprietaire,Plus de 50 %,Plex,[1950 - 1960),5 ACH50,[1946 - 1971),Electricite,Electrique,Plinthes électriques,Murale,Electrique,2,2,Not Applicable,Top,Slab,"Double, Clear, Non-metal, Air",QC_WoodStud-R12.6,QC_R18.3,"QC_Wall-R12, interior",None,None,Vented Attic,None,"Electric Baseboard, 100% Efficiency",none,Medium,100% Usage,100% Usage,100% Usage,EF 10.2,None,100% Usage,"EF 12, National Average",290 Rated kWh,100% Usage,100% Usage,20 ft^2,Fiberglass,100%,2020s_CAN_QC_Montreal-McTavish.716120_CWEC2016.epw,True,-5,2,apartment unit,8,0.5556,1682,1955,4,4,VentedAttic,gable,6:12,1,SlabOnGrade,0,0,0.0,0.49,0.56,0.37,0.3,WoodStud,12.6,19.9,solid concrete,12.0,interior,0,WoodFrame,0.0,5.3,none,medium,0.5,0,0,Right,ACH,50,5.0,unit exterior only,normal,0.0,False,False,False,False,ElectricResistance,1.0,1.0,none,HSPF,0.0,SEER,0.0,ACCA,false,1.0,1.0,false,none,electricity,1.0,none,electricity,mini-split,variable speed,False,0,0.0,False,none,False,,1.0,1.0,electricity,EnergyFactor,0.92,0,0,0,125,storage water heater,conditioned space,True,electricity,CombinedEnergyFactor,2.7,1.0,IntegratedModifiedEnergyFactor,0.95,387,0.1065,1.218,24,7.538462,3.5,True,1.0,True,electricity,False,1.0,True,RatedAnnualkWh,290,0.12,1.09,23,4,12,True,748,False,0,0.0,False,0,0.0,True,0,0.0,0.75,0,0,0.75,0,0,0.75,1.0,5,20,,,,,10.0,1.0,,,,,
Richelieu,Montérégie,Collective,Logement,Ne sait pas,Pas de Garage,Un étage,Aucun Sous-sol ou vide sanitaire,5,3,1,Oui,Frontale,Oui,Aucun,Oui,[500 - 1000),Non,Aucun,Aucun,Aucun,Aucun,Non,Aucun,Aucun,Aucun,Aucun,Aucun,Aucune_VE_Aucune_VHR,Aucun,Locataire,Plus de 50 %,Collective,[2010 - 2020),3 ACH50,>= 2013,Electricite,Electrique,Plinthes électriques,Aucune,Electrique,35,16,Not Applicable,Middle,Slab,"Double, Clear, Non-metal, Air",QC_WoodStud-R24.5,QC_R41,"QC_Wall-R17, interior",None,None,Vented Attic,None,"Electric Baseboard, 100% Efficiency",none,Low,80% Usage,80% Usage,80% Usage,EF 21.9,EF 15.9,95% Usage,"EF 12, National Average",318 Rated kWh,80% Usage,100% Usage,20 ft^2,Fiberglass,100%,2020s_CAN_QC_Montreal-McTavish.716120_CWEC2016.epw,True,-5,16,apartment unit,8,0.5556,750,2015,3,3,VentedAttic,gable,6:12,1,SlabOnGrade,0,0,0.0,0.49,0.56,0.37,0.3,WoodStud,24.5,42.6,solid concrete,17.0,interior,0,WoodFrame,0.0,5.3,none,medium,0.5,0,0,Right,ACH,50,3.0,unit exterior only,normal,0.0,False,False,False,False,ElectricResistance,1.0,1.0,none,HSPF,0.0,SEER,0.0,ACCA,false,1.0,1.0,false,none,electricity,1.0,none,electricity,none,,False,0,0.0,False,none,False,,1.0,1.0,electricity,EnergyFactor,0.92,0,0,0,125,storage water heater,conditioned space,True,electricity,CombinedEnergyFactor,2.7,0.8,IntegratedModifiedEnergyFactor,0.95,387,0.1065,1.218,24,7.538462,3.5,True,0.8,True,electricity,False,0.8,True,RatedAnnualkWh,318,0.12,1.09,25,4,12,True,348,False,0,0.0,False,0,0.0,True,0,0.0,0.75,0,0,0.75,0,0,0.75,1.0,5,20,,,,,,,,,,,
Montréal,Montréal,Collective,Central,Non definit,Pas de Garage,Un étage,Aucun Sous-sol ou vide sanitaire,4,5 et plus,2,Oui,Traditionnelle,Oui,Aucun,Non,[500 - 1000),Non,Aucun,Aucun,Aucun,Aucun,Oui,Creusee_Interieur,Oui,Thermopompe,Aucun,Non,Aucune_VE_Aucune_VHR,Aucun,Proprietaire,0%,Collective,>= 2020,5 ACH50,>= 2013,Electricite,Electrique,Fournaise murale ou de plancher,Aucune,Electrique,10,116,Middle,Bottom,Slab,"Double, Clear, Non-metal, Air",QC_WoodStud-R24.5,QC_R41,"QC_Wall-R17, interior",None,None,Vented Attic,None,"Electric Wall Furnace, 100% AFUE",none,Medium,100% Usage,100% Usage,100% Usage,EF 10.2,None,100% Usage,"EF 12, National Average",318 Rated kWh,100% Usage,100% Usage,20 ft^2,Fiberglass,100%,2020s_CAN_QC_Montreal-McTavish.716120_CWEC2016.epw,True,-5,116,apartment unit,8,0.5556,750,2020,2,5,VentedAttic,gable,6:12,1,SlabOnGrade,0,0,0.0,0.49,0.56,0.37,0.3,WoodStud,24.5,42.6,solid concrete,17.0,interior,0,WoodFrame,0.0,5.3,none,medium,0.5,0,0,Right,ACH,50,3.0852009007214964,unit exterior only,normal,0.0,True,True,True,False,WallFurnace,1.0,1.0,none,HSPF,0.0,SEER,0.0,ACCA,false,1.0,1.0,false,none,electricity,1.0,none,electricity,none,,False,0,0.0,False,none,True,heat pump,1.0,1.0,electricity,EnergyFactor,0.92,0,0,0,125,storage water heater,other multifamily buffer space,True,electricity,CombinedEnergyFactor,2.7,1.0,IntegratedModifiedEnergyFactor,0.95,387,0.1065,1.218,24,7.538462,3.5,True,1.0,True,electricity,False,1.0,False,RatedAnnualkWh,0,0.0,0.0,0,0,0,True,748,False,0,0.0,False,0,0.0,True,0,0.0,0.0,0,0,0.0,0,0,0.0,1.0,5,20,,,,,,,,,,,
